"source"	"target"	"predicate"	"label"	"supported"	"raw"
"CurStat"	"MovedWth"	"FALSE"	"CurStat = 3,4,5 - respondent moved"	FALSE	"If CurStat = 3,4,5 - respondent moved"
"CurStat"	"CountRes"	"CurStat == 8"	"CurStat = 8 - respondent now resident abroad"	TRUE	"If CurStat = 8 - respondent now resident abroad"
"CurStat"	"KnowDet"	"FALSE"	"CurStat = 3,4 - a member of the household has moved within GB and details are known"	FALSE	"If CurStat = 3,4 - a member of the household has moved within GB and details are known"
"KnowDet"	"Add1"	"FALSE"	"KnowDet = 1- address of mover known"	FALSE	"If KnowDet = 1- address of mover known"
"KnowDet"	"Add2"	"FALSE"	"KnowDet = 1- address of mover known"	FALSE	"If KnowDet = 1- address of mover known"
"Add2"	"Add3"	"Add2 == \"Response\""	"Add2 = Response - entered a second line of address"	TRUE	"If Add2 = Response - entered a second line of address"
"Add3"	"Add4"	"Add3 == \"Response\""	"Add3 = Response - entered a third line of address"	TRUE	"If Add3 = Response - entered a third line of address"
"KnowDet"	"Add4"	"KnowDet == 1"	"KnowDet = 1 - address of mover known"	TRUE	"If KnowDet = 1 - address of mover known"
"KnowDet"	"PstTwn"	"KnowDet == 1"	"KnowDet = 1 - address of mover known"	TRUE	"If KnowDet = 1 - address of mover known"
"KnowDet"	"PostCd"	"KnowDet == 1"	"KnowDet = 1 - address of mover known"	TRUE	"If KnowDet = 1 - address of mover known"
"KnowDet"	"SurePstC"	"KnowDet == 1"	"KnowDet = 1 - address of mover known"	TRUE	"If KnowDet = 1 - address of mover known"
"KnowDet"	"TeleNumb"	"KnowDet == 2"	"KnowDet = 2 - telephone number of mover known"	TRUE	"If KnowDet = 2 - telephone number of mover known"
"KnowDet"	"EmailAdd"	"KnowDet == 3"	"KnowDet = 3 - email address of mover known"	TRUE	"If KnowDet = 3 - email address of mover known"
"CurStat"	"HldStat"	"FALSE"	"Curstat = 2, HldStat = 1"	FALSE	"If Curstat = 2, HldStat = 1"
"CorrNam"	"UpdatNam"	"CorrNam == 2"	"CorrNam = 2 - respondent’s name is incorrect"	TRUE	"If CorrNam = 2 - respondent’s name is incorrect"
"DteofBth"	"June15"	"DteofBth == 15.06"	"DteofBth = 15.06"	TRUE	"If DteofBth = 15.06"
"DteofBth"	"AgeIf"	"FALSE"	"DteofBth = DK/RF (does not know OR refuse date of birth)"	FALSE	"If DteofBth = DK/RF (does not know OR refuse date of birth)"
"DVage"	"xMarSta"	"DVAge>=16"	"DVAge>=16 (respondent is aged 16 or over)"	TRUE	"If DVAge>=16 (respondent is aged 16 or over)"
"xMarSta"	"MarChk"	"FALSE"	"XMARSTA = 2,6 (respondent is married and living with husband/wife or in a legally recognised Civil Partnership)"	FALSE	"If XMARSTA = 2,6 (respondent is married and living with husband/wife or in a legally recognised Civil Partnership)"
"DVage"	"LivWth12"	"FALSE"	"DVAge >= 16 AND MarSta <> 2,6 (more than 1 person in household and respondent is aged 16 or over and not married and living with husband/wife or in a legally recognised Civil Partnership)"	FALSE	"If DVAge >= 16 AND MarSta <> 2,6 (more than 1 person in household and respondent is aged 16 or over and not married and living with husband/wife or in a legally recognised Civil Partnership)"
"DVage"	"FtEd"	"FALSE"	"DVAge>3 AND <19 - aged over 3 and under 19 years"	FALSE	"If DVAge>3 AND <19 - aged over 3 and under 19 years"
"DVage"	"FtEd19"	"DVAge == 19"	"DVAge = 19 - respondent is 19 years old"	TRUE	"If DVAge = 19 - respondent is 19 years old"
"FtEd"	"QualChk"	"FtEd == 1"	"FtEd = 1 - in full time education"	TRUE	"If FtEd = 1 - in full time education"
"HiHNum"	"JntEldA"	"HiHNum == 17"	"HiHNum = 17 - two or more joint householders have the same income"	TRUE	"If HiHNum = 17 - two or more joint householders have the same income"
"HiHNum"	"JntEldB"	"FALSE"	"HiHNum = DK/RF - joint householders do not know or refuse to say who has the greatest income"	FALSE	"If HiHNum = DK/RF - joint householders do not know or refuse to say who has the greatest income"
"HCoBa"	"HCoBb"	"HCoBa == 997"	"HCoBa = 997 (respondent was born in another country not listed above)"	TRUE	"If HCoBa = 997 (respondent was born in another country not listed above)"
"HCoBa"	"HCoBc"	"FALSE"	"HCoBa = 997 AND HCoBb <> empty"	FALSE	"If HCoBa = 997 AND HCoBb <> empty"
"HCoBb"	"HCoBc"	"FALSE"	"HCoBa = 997 AND HCoBb <> empty"	FALSE	"If HCoBa = 997 AND HCoBb <> empty"
"DVage"	"CryFth"	"DVAge>=16"	"DVAge>=16"	TRUE	"Ask if DVAge>=16"
"CryFth"	"CryFSpc"	"CryFth == 997"	"CryFth = 997 (respondent’s father was born in another country not listed above)"	TRUE	"If CryFth = 997 (respondent’s father was born in another country not listed above)"
"CryFth"	"CryFFrm"	"FALSE"	"CryFth = 997 AND CryFSpc <> empty"	FALSE	"If CryFth = 997 AND CryFSpc <> empty"
"CryFSpc"	"CryFFrm"	"FALSE"	"CryFth = 997 AND CryFSpc <> empty"	FALSE	"If CryFth = 997 AND CryFSpc <> empty"
"DVage"	"CryMth"	"DVAge>=16"	"DVAge>=16"	TRUE	"Ask if DVAge>=16"
"CryMth"	"CryMSpc"	"CryMth == 997"	"CryMth = 997 (respondent’s mother was born in another country not listed above)"	TRUE	"If CryMth = 997 (respondent’s mother was born in another country not listed above)"
"CryMth"	"CryMFrm"	"FALSE"	"CryMth = 997 AND CryMSpc <> empty"	FALSE	"If CryMth = 997 AND CryMSpc <> empty"
"CryMSpc"	"CryMFrm"	"FALSE"	"CryMth = 997 AND CryMSpc <> empty"	FALSE	"If CryMth = 997 AND CryMSpc <> empty"
"Ten1"	"RentExpAm"	"FALSE"	"Ten1 = 3,4 - respondent has shared ownership or pays rent"	FALSE	"If Ten1 = 3,4 - respondent has shared ownership or pays rent"
"Ten1"	"RentExpPR"	"FALSE"	"Ten1 = 3,4 - respondent has shared ownership or pays rent"	FALSE	"If Ten1 = 3,4 - respondent has shared ownership or pays rent"
"RentExpPR"	"RentExpSP"	"RentExpPr == 97"	"RentExpPr = 97 (rent period is other)"	TRUE	"If RentExpPr = 97 (rent period is other)"
"LLord"	"RentHol"	"FALSE"	"LLord=1 or 2 - Respondents rents from LA or HA"	FALSE	"If LLord=1 or 2 - Respondents rents from LA or HA"
"RentHol"	"RentHoWk"	"RentHol == 1"	"RentHol = 1 (respondent takes a rent holiday)"	TRUE	"If RentHol = 1 (respondent takes a rent holiday)"
"HldStat"	"HHown"	"FALSE"	"HldStat = 2 AND Ten1 = 1 (respondent lives at a new address ONLY and they own the accommodation outright)"	FALSE	"If HldStat = 2 AND Ten1 = 1 (respondent lives at a new address ONLY and they own the accommodation outright)"
"Ten1"	"HHown"	"FALSE"	"HldStat = 2 AND Ten1 = 1 (respondent lives at a new address ONLY and they own the accommodation outright)"	FALSE	"If HldStat = 2 AND Ten1 = 1 (respondent lives at a new address ONLY and they own the accommodation outright)"
"CTAmt"	"CTInstal"	"CTAmt > 0"	"CTAmt > 0 - respondent has given a council tax amount"	TRUE	"If CTAmt > 0 - respondent has given a council tax amount"
"CTInstal"	"CTTime"	"CTInstal == \"Instalment\""	"CTInstal= Instalment (respondent pays for their council tax in instalments)"	TRUE	"If CTInstal= Instalment (respondent pays for their council tax in instalments)"
"MethElec"	"OtherElec"	"METHELEC == \"OTHER\""	"METHELEC = OTHER"	TRUE	"IF METHELEC = OTHER"
"Ten1"	"HIntro"	"FALSE"	"Ten1=1,2 or 3 (respondent owns the address outright or is buying it with the help of a mortgage or loan or pays part rent and part mortgage)"	FALSE	"If Ten1=1,2 or 3 (respondent owns the address outright or is buying it with the help of a mortgage or loan or pays part rent and part mortgage)"
"Ten1"	"HShare"	"FALSE"	"Ten1 = 1,2 or 3 (respondent lives at a new address or is buying it with the help of a mortgage or loan or pays part rent and part mortgage)"	FALSE	"If Ten1 = 1,2 or 3 (respondent lives at a new address or is buying it with the help of a mortgage or loan or pays part rent and part mortgage)"
"HShare"	"HShareP"	"HShare == 1"	"HShare = 1 (respondent shares ownership of this property with someone outside the household)"	TRUE	"If HShare = 1 (respondent shares ownership of this property with someone outside the household)"
"HPrice"	"HPriceB"	"FALSE"	"HPrice= DK/RF (respondent does not know how much they paid)"	FALSE	"If HPrice= DK/RF (respondent does not know how much they paid)"
"HCash"	"HGift"	"HCash == 1"	"HCash = 1 (received money to help with the purchase)"	TRUE	"If HCash = 1 (received money to help with the purchase)"
"HCash"	"HGfWho"	"HCash == 1"	"HCash = 1 (received money to help with the purchase)"	TRUE	"If HCash = 1 (received money to help with the purchase)"
"Ten1"	"HValue"	"FALSE"	"Ten1 = 1,2 OR 3 (respondent owns address outright or is buying it with the help of a mortgage or loan or pays part rent and part mortgage)"	FALSE	"If Ten1 = 1,2 OR 3 (respondent owns address outright or is buying it with the help of a mortgage or loan or pays part rent and part mortgage)"
"HValue"	"HValB"	"FALSE"	"HValue = DK/RF (respondent does not know amount to expect if they sold their home today)"	FALSE	"If HValue = DK/RF (respondent does not know amount to expect if they sold their home today)"
"Ten1"	"MIntro"	"FALSE"	"Ten1 = 2 OR 3 (respondent is buying main residence with the help of a mortgage or loan or pays part rent and part mortgage)"	FALSE	"If Ten1 = 2 OR 3 (respondent is buying main residence with the help of a mortgage or loan or pays part rent and part mortgage)"
"MW2Chk"	"MExtn"	"FALSE"	"RMNumb>0 and MW2Chk[1] = Yes OR MW2Chk[2] = Yes OR MW2Chk[3] = Yes (respondent had any mortgages at previous wave and still has any at follow-up)"	FALSE	"If RMNumb>0 and MW2Chk[1] = Yes OR MW2Chk[2] = Yes OR MW2Chk[3] = Yes (respondent had any mortgages at previous wave and still has any at follow-up)"
"MExtn"	"MExtRs"	"MExtn == 1"	"MExtn = 1 (respondent has taken out an extension or top-up on an existing mortgage)"	TRUE	"If MExtn = 1 (respondent has taken out an extension or top-up on an existing mortgage)"
"MNumbN"	"MChge"	"FALSE"	"RMNumb>0 AND MNumbN>0 IF MW2Chk[1] = Yes OR MW2Chk[2] = Yes OR MW2Chk[3] = Yes (respondent had any mortgages at previous wave and still has any at follow-up)"	FALSE	"If RMNumb>0 AND MNumbN>0 IF MW2Chk[1] = Yes OR MW2Chk[2] = Yes OR MW2Chk[3] = Yes (respondent had any mortgages at previous wave and still has any at follow-up)"
"MW2Chk"	"MChge"	"FALSE"	"RMNumb>0 AND MNumbN>0 IF MW2Chk[1] = Yes OR MW2Chk[2] = Yes OR MW2Chk[3] = Yes (respondent had any mortgages at previous wave and still has any at follow-up)"	FALSE	"If RMNumb>0 AND MNumbN>0 IF MW2Chk[1] = Yes OR MW2Chk[2] = Yes OR MW2Chk[3] = Yes (respondent had any mortgages at previous wave and still has any at follow-up)"
"MChge"	"MChgeNum"	"FALSE"	"MChge = 1(respondent has taken out new mortgages or loans on the property in last two years)"	FALSE	"If MChge = 1(respondent has taken out new mortgages or loans on the property in last two years)"
"MNumbO"	"MName1"	"FALSE"	"MNumbO>0 or MNumbN>0 - all mortgages"	FALSE	"If MNumbO>0 or MNumbN>0 - all mortgages"
"MNumbN"	"MName1"	"FALSE"	"MNumbO>0 or MNumbN>0 - all mortgages"	FALSE	"If MNumbO>0 or MNumbN>0 - all mortgages"
"MName1"	"MOname1"	"MName1 == 1"	"MName1 = 1 - mortgage held in one person’s name"	TRUE	"If MName1 = 1 - mortgage held in one person’s name"
"MName1"	"MJname"	"MName1 == 2"	"MName1 = 2 - mortgage held jointly"	TRUE	"If MName1 = 2 - mortgage held jointly"
"MNumbN"	"MReas"	"FALSE"	"MNumbN>0 OR MNumbN>0 - all mortgages"	FALSE	"If MNumbN>0 OR MNumbN>0 - all mortgages"
"MNumbO"	"MType1"	"FALSE"	"MNumbO>0 or MNumbN>0 - all mortgages"	FALSE	"If MNumbO>0 or MNumbN>0 - all mortgages"
"MNumbN"	"MType1"	"FALSE"	"MNumbO>0 or MNumbN>0 - all mortgages"	FALSE	"If MNumbO>0 or MNumbN>0 - all mortgages"
"MType1"	"MEndW1"	"MType1 != 1"	"MType1 <> 1 - mortgage type is not repayment"	TRUE	"If MType1 <> 1 - mortgage type is not repayment"
"MEndW1"	"MEndNum1"	"MEndW1 == 1"	"MEndW1 = 1 - respondent has an endowment policy"	TRUE	"If MEndW1 = 1 - respondent has an endowment policy"
"MEndW1"	"MEndV1"	"MEndW1 == 1"	"MEndW1 = 1 (respondent has an endowment policy)"	TRUE	"If MEndW1 = 1 (respondent has an endowment policy)"
"MEndV1"	"MEndVb1"	"FALSE"	"MEndV1= DK/RF (respondent does not know the value of the endowment policy)"	FALSE	"If MEndV1= DK/RF (respondent does not know the value of the endowment policy)"
"MEndW1"	"MEndY1"	"MEndW1 == 1"	"MEndW1 = 1 (If respondent has an endowment policy)"	TRUE	"If MEndW1 = 1 (If respondent has an endowment policy)"
"MType1"	"MAllTy1"	"MType1 == 4"	"MType1 = 4 - mortgage is an all-in-one account"	TRUE	"If MType1 = 4 - mortgage is an all-in-one account"
"MAllTy1"	"MNeg1"	"MAllTy1 == 1"	"MAllTy1 = 1 - respondent has an all-in-one current account mortgage"	TRUE	"If MAllTy1 = 1 - respondent has an all-in-one current account mortgage"
"MNeg1"	"MNegB1"	"FALSE"	"MNeg1 = DK/RF (If respondent does not know negative balance amount)"	FALSE	"If MNeg1 = DK/RF (If respondent does not know negative balance amount)"
"MAllTy1"	"MVal1"	"MAllTy1 != 1"	"MAllTy1 <> 1 - respondent does not have an all-in-one current account mortgage"	TRUE	"If MAllTy1 <> 1 - respondent does not have an all-in-one current account mortgage"
"MVal1"	"MValB1"	"FALSE"	"MVal1 = DK/RF (If respondent does not know amount outstanding on the mortgage or loan)"	FALSE	"If MVal1 = DK/RF (If respondent does not know amount outstanding on the mortgage or loan)"
"MAllTy1"	"MPayM1"	"Mallty1 != 1"	"Mallty1 <> 1 - all mortgages that are not a current account mortgage"	TRUE	"If Mallty1 <> 1 - all mortgages that are not a current account mortgage"
"MPayM1"	"MPayB1"	"FALSE"	"MPayM1 = DK/RF"	FALSE	"If MPayM1 = DK/RF"
"MIntPaid1"	"MIntRate1"	"MIntpaid1 == \"yes\""	"MIntpaid1 = yes (respondent pays interest on their mortgage)"	TRUE	"If MIntpaid1 = yes (respondent pays interest on their mortgage)"
"MNumbO"	"MArrs1"	"FALSE"	"MNumbO>0 OR MNumbN>0 (all mortgages)"	FALSE	"If MNumbO>0 OR MNumbN>0 (all mortgages)"
"MNumbN"	"MArrs1"	"FALSE"	"MNumbO>0 OR MNumbN>0 (all mortgages)"	FALSE	"If MNumbO>0 OR MNumbN>0 (all mortgages)"
"MArrs1"	"MArrsV1"	"FALSE"	"MArrs1 = 3,4 (respondent is 2 to 6 months behind or over 6 months behind on mortgage repayments)"	FALSE	"If MArrs1 = 3,4 (respondent is 2 to 6 months behind or over 6 months behind on mortgage repayments)"
"MArrs1"	"MArr2Yr1"	"MArrs1 == 1"	"MArrs1 = 1 (respondent is up to date with payments)"	TRUE	"If MArrs1 = 1 (respondent is up to date with payments)"
"MArrs1"	"DBurdH"	"MArrs1 == 1"	"MArrs1 = 1 (respondent is up to date on mortgage repayments)"	TRUE	"If MArrs1 = 1 (respondent is up to date on mortgage repayments)"
"EqOld"	"EqNew"	"FALSE"	"EqOld = 2,3 (respondent did not or did not know about having an equity release scheme in the previous wave)"	FALSE	"If EqOld = 2,3 (respondent did not or did not know about having an equity release scheme in the previous wave)"
"EqYes"	"EqReas"	"FALSE"	"EqYes = 1 OR EqNew = 1 OR EqOld = 1 (respondent has an equity release arrangement)"	FALSE	"If EqYes = 1 OR EqNew = 1 OR EqOld = 1 (respondent has an equity release arrangement)"
"EqNew"	"EqReas"	"FALSE"	"EqYes = 1 OR EqNew = 1 OR EqOld = 1 (respondent has an equity release arrangement)"	FALSE	"If EqYes = 1 OR EqNew = 1 OR EqOld = 1 (respondent has an equity release arrangement)"
"EqOld"	"EqReas"	"FALSE"	"EqYes = 1 OR EqNew = 1 OR EqOld = 1 (respondent has an equity release arrangement)"	FALSE	"If EqYes = 1 OR EqNew = 1 OR EqOld = 1 (respondent has an equity release arrangement)"
"EqYes"	"EqLoanV"	"FALSE"	"EqYes = 1 OR EqNew = 1 OR EqOld = 1 (respondent has an equity release arrangement)"	FALSE	"If EqYes = 1 OR EqNew = 1 OR EqOld = 1 (respondent has an equity release arrangement)"
"EqNew"	"EqLoanV"	"FALSE"	"EqYes = 1 OR EqNew = 1 OR EqOld = 1 (respondent has an equity release arrangement)"	FALSE	"If EqYes = 1 OR EqNew = 1 OR EqOld = 1 (respondent has an equity release arrangement)"
"EqOld"	"EqLoanV"	"FALSE"	"EqYes = 1 OR EqNew = 1 OR EqOld = 1 (respondent has an equity release arrangement)"	FALSE	"If EqYes = 1 OR EqNew = 1 OR EqOld = 1 (respondent has an equity release arrangement)"
"EqLoanV"	"EqLoanB"	"FALSE"	"EqLoanV = DK/RF (refuses or doesn’t know the value of the loan)"	FALSE	"If EqLoanV = DK/RF (refuses or doesn’t know the value of the loan)"
"GCollec"	"GCollV"	"GCollec == 1"	"GCollec = 1 - respondent has collectables"	TRUE	"If GCollec = 1 - respondent has collectables"
"GCollV"	"GCollVb"	"FALSE"	"GCollV = DK/RF - respondent does not know current market value of their collectables"	FALSE	"If GCollV = DK/RF - respondent does not know current market value of their collectables"
"VCarN"	"VType"	"VCarN >= 1"	"VCarN >= 1 (If respondent has one or more vehicles)"	TRUE	"If VCarN >= 1 (If respondent has one or more vehicles)"
"VCarN"	"VEstV"	"VCarN >= 1"	"VCarN >= 1 (If respondent has one or more vehicles)"	TRUE	"If VCarN >= 1 (If respondent has one or more vehicles)"
"VEstV"	"VEsVb"	"FALSE"	"VEstV = DK/RF - respondent does not know estimated value of vehicles"	FALSE	"If VEstV = DK/RF - respondent does not know estimated value of vehicles"
"VCarN"	"VPers"	"FALSE"	"VCarN >0 OR VCarN = DK - respondent has some vehicles or does not know how many vehicles"	FALSE	"If VCarN >0 OR VCarN = DK - respondent has some vehicles or does not know how many vehicles"
"VPers"	"VPerV"	"VPers == 1"	"VPers = 1 (respondent owns a personal number plate)"	TRUE	"If VPers = 1 (respondent owns a personal number plate)"
"VOTyp"	"VOTyO"	"VOTyp == 5"	"VOTyp = 5 (respondent owns another vehicle type not listed)"	TRUE	"If VOTyp = 5 (respondent owns another vehicle type not listed)"
"VOTyp"	"VOVal"	"FALSE"	"you sold [this (if VOTyp = one type - VOTpN = 1) / these (if VOTyp = more than one type - VOTpN >1) / the other vehicle(s) (if VOTyp = other type)] [caravan/trailer, boat, plane, bicycle, other type of vehicle (fill in only valid VOTyp response(s))], about how much in total would you get for [it/them] before paying off any money owing?"	FALSE	"If you sold [this (if VOTyp = one type - VOTpN = 1) / these (if VOTyp = more than one type - VOTpN >1) / the other vehicle(s) (if VOTyp = other type)] [caravan/trailer, boat, plane, bicycle, other type of vehicle (fill in only valid VOTyp response(s))], about how much in total would you get for [it/them] before paying off any money owing?"
"VOVal"	"VOVlB"	"FALSE"	"VOVal = DK/RF (respondent does not know the value of their other vehicles)"	FALSE	"If VOVal = DK/RF (respondent does not know the value of their other vehicles)"
"ISwitch"	"PersProx"	"ISwitch == 1"	"ISwitch = 1"	TRUE	"If ISwitch = 1"
"PersProx"	"ProxyNum"	"PersProx == 2"	"PersProx = 2"	TRUE	"If PersProx = 2"
"PersProx"	"YNtHhld"	"FALSE"	"expected respondent has no partner in household AND If PersProx = 2 and ProxyNum = 17 (If proxy is not a household member)"	FALSE	"If expected respondent has no partner in household AND If PersProx = 2 and ProxyNum = 17 (If proxy is not a household member)"
"ProxyNum"	"YNtHhld"	"FALSE"	"expected respondent has no partner in household AND If PersProx = 2 and ProxyNum = 17 (If proxy is not a household member)"	FALSE	"If expected respondent has no partner in household AND If PersProx = 2 and ProxyNum = 17 (If proxy is not a household member)"
"PersProx"	"YNtPers"	"FALSE"	"PersProx = 2 and ProxyNum <17(If proxy is a household member)"	FALSE	"If PersProx = 2 and ProxyNum <17(If proxy is a household member)"
"ProxyNum"	"YNtPers"	"FALSE"	"PersProx = 2 and ProxyNum <17(If proxy is a household member)"	FALSE	"If PersProx = 2 and ProxyNum <17(If proxy is a household member)"
"ProxyNum"	"RelnHH"	"ProxyNum == 17"	"ProxyNum = 17 (If proxy is not a household member)"	TRUE	"If ProxyNum = 17 (If proxy is not a household member)"
"EthEa"	"EthE"	"FALSE"	"EthEa = 1,2,3,4,5"	FALSE	"If EthEa = 1,2,3,4,5"
"EthWa"	"EthW"	"FALSE"	"EthWa = 1,2,3,4,5"	FALSE	"If EthWa = 1,2,3,4,5"
"EthSa"	"EthS"	"FALSE"	"EthSa = 1,2,3,4,5"	FALSE	"If EthSa = 1,2,3,4,5"
"EthE"	"EthOth"	"FALSE"	"EthE/EthW = 4,8,13,16,18 OR EthS = 6,7,12,14,17,19 (ethnic group is other)"	FALSE	"If EthE/EthW = 4,8,13,16,18 OR EthS = 6,7,12,14,17,19 (ethnic group is other)"
"EthW"	"EthOth"	"FALSE"	"EthE/EthW = 4,8,13,16,18 OR EthS = 6,7,12,14,17,19 (ethnic group is other)"	FALSE	"If EthE/EthW = 4,8,13,16,18 OR EthS = 6,7,12,14,17,19 (ethnic group is other)"
"EthS"	"EthOth"	"FALSE"	"EthE/EthW = 4,8,13,16,18 OR EthS = 6,7,12,14,17,19 (ethnic group is other)"	FALSE	"If EthE/EthW = 4,8,13,16,18 OR EthS = 6,7,12,14,17,19 (ethnic group is other)"
"PersProx"	"SIDFtFQn"	"FALSE"	"If Status = Resident AND Persprox = 1 AND DVage > 16 (all respondents aged 16+ except proxies) and IntrType =FtF"	FALSE	"IF If Status = Resident AND Persprox = 1 AND DVage > 16 (all respondents aged 16+ except proxies) and IntrType =FtF"
"DVage"	"SIDFtFQn"	"FALSE"	"If Status = Resident AND Persprox = 1 AND DVage > 16 (all respondents aged 16+ except proxies) and IntrType =FtF"	FALSE	"IF If Status = Resident AND Persprox = 1 AND DVage > 16 (all respondents aged 16+ except proxies) and IntrType =FtF"
"IntrType"	"SIDFtFQn"	"FALSE"	"If Status = Resident AND Persprox = 1 AND DVage > 16 (all respondents aged 16+ except proxies) and IntrType =FtF"	FALSE	"IF If Status = Resident AND Persprox = 1 AND DVage > 16 (all respondents aged 16+ except proxies) and IntrType =FtF"
"PersProx"	"SIDTelQn"	"FALSE"	"Status = Resident AND Persprox = 1 AND DVage > 16 (all respondents aged 16+ except proxies) and IntrType =Tel."	FALSE	"If Status = Resident AND Persprox = 1 AND DVage > 16 (all respondents aged 16+ except proxies) and IntrType =Tel."
"DVage"	"SIDTelQn"	"FALSE"	"Status = Resident AND Persprox = 1 AND DVage > 16 (all respondents aged 16+ except proxies) and IntrType =Tel."	FALSE	"If Status = Resident AND Persprox = 1 AND DVage > 16 (all respondents aged 16+ except proxies) and IntrType =Tel."
"IntrType"	"SIDTelQn"	"FALSE"	"Status = Resident AND Persprox = 1 AND DVage > 16 (all respondents aged 16+ except proxies) and IntrType =Tel."	FALSE	"If Status = Resident AND Persprox = 1 AND DVage > 16 (all respondents aged 16+ except proxies) and IntrType =Tel."
"PersProx"	"ReligE"	"FALSE"	"Persprox = 1 AND Status = resident AND Country = England (Ask all respondents who live in England except proxies)"	FALSE	"If Persprox = 1 AND Status = resident AND Country = England (Ask all respondents who live in England except proxies)"
"PersProx"	"ReligW"	"FALSE"	"Persprox = 1 AND Status = resident AND Country = Wales (Ask all respondents who live in Wales except proxies)"	FALSE	"If Persprox = 1 AND Status = resident AND Country = Wales (Ask all respondents who live in Wales except proxies)"
"PersProx"	"ReligS"	"FALSE"	"Persprox = 1 AND Status = resident AND Country = Scots (all respondents who live in Scotland except proxies)"	FALSE	"If Persprox = 1 AND Status = resident AND Country = Scots (all respondents who live in Scotland except proxies)"
"ReligE"	"ReligSpec"	"FALSE"	"ReligE = 8/ReligS = 10/ReligW = 8"	FALSE	"If ReligE = 8/ReligS = 10/ReligW = 8"
"ReligS"	"ReligSpec"	"FALSE"	"ReligE = 8/ReligS = 10/ReligW = 8"	FALSE	"If ReligE = 8/ReligS = 10/ReligW = 8"
"ReligW"	"ReligSpec"	"FALSE"	"ReligE = 8/ReligS = 10/ReligW = 8"	FALSE	"If ReligE = 8/ReligS = 10/ReligW = 8"
"PersProx"	"SubWelpre"	"Persprox == 1"	"Persprox = 1 (All respondents except proxies)"	TRUE	"If Persprox = 1 (All respondents except proxies)"
"PersProx"	"Subpre2"	"Persprox == 1"	"Persprox = 1 (All respondents except proxies)"	TRUE	"If Persprox = 1 (All respondents except proxies)"
"PersProx"	"TrustOth"	"Persprox == 1"	"Persprox = 1 (All respondents except proxies)"	TRUE	"If Persprox = 1 (All respondents except proxies)"
"SchemeET"	"JbAway"	"SchemeET == 2"	"SchemeET = 2 (respondent not in paid work and not on a government scheme)"	TRUE	"If SchemeET = 2 (respondent not in paid work and not on a government scheme)"
"JbAway"	"OwnBus"	"FALSE"	"JbAway = 2,3 (respondent not in paid work and not on a government scheme and not away from job or waiting to start a new job)"	FALSE	"If JbAway = 2,3 (respondent not in paid work and not on a government scheme and not away from job or waiting to start a new job)"
"JbAway"	"RelBus"	"FALSE"	"JbAway = 2 AND OwnBus = 2 (respondent not in paid work and not on a government scheme and not away from job or waiting to start a new job and not doing unpaid work in own business)"	FALSE	"If JbAway = 2 AND OwnBus = 2 (respondent not in paid work and not on a government scheme and not away from job or waiting to start a new job and not doing unpaid work in own business)"
"OwnBus"	"RelBus"	"FALSE"	"JbAway = 2 AND OwnBus = 2 (respondent not in paid work and not on a government scheme and not away from job or waiting to start a new job and not doing unpaid work in own business)"	FALSE	"If JbAway = 2 AND OwnBus = 2 (respondent not in paid work and not on a government scheme and not away from job or waiting to start a new job and not doing unpaid work in own business)"
"JbAway"	"StartJ"	"FALSE"	"Looked = 1,3 OR JbAway = 3 (respondent looked for work in the last 4 weeks or is waiting to take up a job)"	FALSE	"If Looked = 1,3 OR JbAway = 3 (respondent looked for work in the last 4 weeks or is waiting to take up a job)"
"JbAway"	"LKTime"	"FALSE"	"Looked = 1,3 OR JbAway = 3 (respondent looked for work in the last 4 weeks or is waiting to take up a job)"	FALSE	"If Looked = 1,3 OR JbAway = 3 (respondent looked for work in the last 4 weeks or is waiting to take up a job)"
"StartJ"	"YInAct"	"FALSE"	"Looked = 2 OR StartJ = 2 (respondent has not looked for a job in the last 4 weeks or is not available to start work in the next 2 weeks or waiting to take up a job but is not available to start work in the next 2 weeks)"	FALSE	"If Looked = 2 OR StartJ = 2 (respondent has not looked for a job in the last 4 weeks or is not available to start work in the next 2 weeks or waiting to take up a job but is not available to start work in the next 2 weeks)"
"SamJob"	"SamEmp"	"FALSE"	"SamJob = 1 AND RStat = 1 (If respondent is in the same job and was an employee at previous wave)"	FALSE	"If SamJob = 1 AND RStat = 1 (If respondent is in the same job and was an employee at previous wave)"
"EverWk"	"CasWrk"	"EverWk == \"No\""	"EverWk= No"	TRUE	"If EverWk= No"
"JbAway"	"NumJob"	"FALSE"	"Wrking = 1 or JbAway = 1 or OwnBus = 1 (respondent is currently working)"	FALSE	"If Wrking = 1 or JbAway = 1 or OwnBus = 1 (respondent is currently working)"
"OwnBus"	"NumJob"	"FALSE"	"Wrking = 1 or JbAway = 1 or OwnBus = 1 (respondent is currently working)"	FALSE	"If Wrking = 1 or JbAway = 1 or OwnBus = 1 (respondent is currently working)"
"DVILO3a"	"NumJob"	"FALSE"	"DVILO3a = InEmp OR EverWk = yes"	FALSE	"If DVILO3a = InEmp OR EverWk = yes"
"EverWk"	"NumJob"	"FALSE"	"DVILO3a = InEmp OR EverWk = yes"	FALSE	"If DVILO3a = InEmp OR EverWk = yes"
"NumJob"	"PreA"	"NumJob > 1"	"NumJob > 1 (respondent has more than one job)"	TRUE	"If NumJob > 1 (respondent has more than one job)"
"EverWk"	"PreL"	"EverWk == 1"	"EverWk = 1 (respondent is not currently working, but has ever worked)"	TRUE	"If EverWk = 1 (respondent is not currently working, but has ever worked)"
"EverWk"	"SameJob"	"FALSE"	"RIndD = Response AND RPersProx = 1 OR (EverWk = 1 AND DTJbL < 2 years ago)) - respondent is currently working or has ever worked and answered section at previous wave"	FALSE	"If RIndD = Response AND RPersProx = 1 OR (EverWk = 1 AND DTJbL < 2 years ago)) - respondent is currently working or has ever worked and answered section at previous wave"
"DtJbL"	"SameJob"	"FALSE"	"RIndD = Response AND RPersProx = 1 OR (EverWk = 1 AND DTJbL < 2 years ago)) - respondent is currently working or has ever worked and answered section at previous wave"	FALSE	"If RIndD = Response AND RPersProx = 1 OR (EverWk = 1 AND DTJbL < 2 years ago)) - respondent is currently working or has ever worked and answered section at previous wave"
"DVILO3a"	"IndD"	"FALSE"	"DVILO3a = InEmp OR EverWk = yes (If currently in employment or has ever worked)"	FALSE	"If DVILO3a = InEmp OR EverWk = yes (If currently in employment or has ever worked)"
"EverWk"	"IndD"	"FALSE"	"DVILO3a = InEmp OR EverWk = yes (If currently in employment or has ever worked)"	FALSE	"If DVILO3a = InEmp OR EverWk = yes (If currently in employment or has ever worked)"
"SameJob"	"IndD"	"FALSE"	"same job as at previous wave (SameJob = 1), or currently not working but left job less than 2 years ago feed forward previous wave responses"	FALSE	"If same job as at previous wave (SameJob = 1), or currently not working but left job less than 2 years ago feed forward previous wave responses"
"SameJob"	"SVise"	"FALSE"	"Stat = 1 AND SameJob <> 5 (If respondent is an employee and the supervision status has changed)"	FALSE	"If Stat = 1 AND SameJob <> 5 (If respondent is an employee and the supervision status has changed)"
"SVise"	"SViseDsc"	"SVise == 1"	"SVise = 1 (respondent is a supervisor)"	TRUE	"If SVise = 1 (respondent is a supervisor)"
"SameJob"	"EmpN"	"FALSE"	"Stat = 1 AND SameJob <> 6 (respondent is an employee and is not in the same job as the previous wave)"	FALSE	"If Stat = 1 AND SameJob <> 6 (respondent is an employee and is not in the same job as the previous wave)"
"SameJob"	"SemN"	"FALSE"	"Stat = 2 AND SameJob <> 6 AND Solo = 2 (If respondent is self employed and not in the same job as the previous wave and does not work alone)"	FALSE	"If Stat = 2 AND SameJob <> 6 AND Solo = 2 (If respondent is self employed and not in the same job as the previous wave and does not work alone)"
"EverWk"	"FtPtWk"	"FALSE"	"Wrking = 1 OR EverWk = 1 (respondent is currently working or has ever worked)"	FALSE	"If Wrking = 1 OR EverWk = 1 (respondent is currently working or has ever worked)"
"JbAway"	"WkHrs"	"FALSE"	"Wrking = 1 OR JbAway = 1 OR SchemeET = 1 OR OwnBus = 1 OR RelBus = 1 (respondent is currently working)"	FALSE	"If Wrking = 1 OR JbAway = 1 OR SchemeET = 1 OR OwnBus = 1 OR RelBus = 1 (respondent is currently working)"
"SchemeET"	"WkHrs"	"FALSE"	"Wrking = 1 OR JbAway = 1 OR SchemeET = 1 OR OwnBus = 1 OR RelBus = 1 (respondent is currently working)"	FALSE	"If Wrking = 1 OR JbAway = 1 OR SchemeET = 1 OR OwnBus = 1 OR RelBus = 1 (respondent is currently working)"
"OwnBus"	"WkHrs"	"FALSE"	"Wrking = 1 OR JbAway = 1 OR SchemeET = 1 OR OwnBus = 1 OR RelBus = 1 (respondent is currently working)"	FALSE	"If Wrking = 1 OR JbAway = 1 OR SchemeET = 1 OR OwnBus = 1 OR RelBus = 1 (respondent is currently working)"
"RelBus"	"WkHrs"	"FALSE"	"Wrking = 1 OR JbAway = 1 OR SchemeET = 1 OR OwnBus = 1 OR RelBus = 1 (respondent is currently working)"	FALSE	"If Wrking = 1 OR JbAway = 1 OR SchemeET = 1 OR OwnBus = 1 OR RelBus = 1 (respondent is currently working)"
"WkHrs"	"WkHrsIr"	"WkHrs == 96"	"WkHrs = 96 (respondent works variable or irregular hours)"	TRUE	"If WkHrs = 96 (respondent works variable or irregular hours)"
"DVage"	"WrkRed"	"FALSE"	"DvAge >= 60 AND Penflag=0 AND DVILO3A=1 AND PersProx=1 (aged 60+ but under SPa, and still in some form of employment, except proxies)"	FALSE	"If DvAge >= 60 AND Penflag=0 AND DVILO3A=1 AND PersProx=1 (aged 60+ but under SPa, and still in some form of employment, except proxies)"
"DVILO3a"	"WrkRed"	"FALSE"	"DvAge >= 60 AND Penflag=0 AND DVILO3A=1 AND PersProx=1 (aged 60+ but under SPa, and still in some form of employment, except proxies)"	FALSE	"If DvAge >= 60 AND Penflag=0 AND DVILO3A=1 AND PersProx=1 (aged 60+ but under SPa, and still in some form of employment, except proxies)"
"PersProx"	"WrkRed"	"FALSE"	"DvAge >= 60 AND Penflag=0 AND DVILO3A=1 AND PersProx=1 (aged 60+ but under SPa, and still in some form of employment, except proxies)"	FALSE	"If DvAge >= 60 AND Penflag=0 AND DVILO3A=1 AND PersProx=1 (aged 60+ but under SPa, and still in some form of employment, except proxies)"
"WrkRed"	"WrkCha"	"WrkRed == 1"	"WrkRed = 1"	TRUE	"If WrkRed = 1"
"DVILO4a"	"WrkUse"	"DVILO4a == 1"	"DVILO4a = 1"	TRUE	"IF DVILO4a = 1"
"FtEd"	"PermJb"	"FALSE"	"FtEd <> 1 AND Trainee <> 1 AND (RPersProx <> 1 OR RTEA <> Response) - respondent is aged 19 or over, or aged 16-18 years and not in FT education and not recorded at previous wave"	FALSE	"If FtEd <> 1 AND Trainee <> 1 AND (RPersProx <> 1 OR RTEA <> Response) - respondent is aged 19 or over, or aged 16-18 years and not in FT education and not recorded at previous wave"
"FtEd"	"PNoWk"	"FALSE"	"FtEd <> 1 AND Trainee <> 1 AND DVAge<75 AND (DVILO3a = 1 OR EverWk = 1 OR RDVILO3a = 1 OR REverWk = 1) - respondent is aged19 or over, or 16-18 years and not in FT education and less than 75 years and has ever had a paid job"	FALSE	"If FtEd <> 1 AND Trainee <> 1 AND DVAge<75 AND (DVILO3a = 1 OR EverWk = 1 OR RDVILO3a = 1 OR REverWk = 1) - respondent is aged19 or over, or 16-18 years and not in FT education and less than 75 years and has ever had a paid job"
"DVage"	"PNoWk"	"FALSE"	"FtEd <> 1 AND Trainee <> 1 AND DVAge<75 AND (DVILO3a = 1 OR EverWk = 1 OR RDVILO3a = 1 OR REverWk = 1) - respondent is aged19 or over, or 16-18 years and not in FT education and less than 75 years and has ever had a paid job"	FALSE	"If FtEd <> 1 AND Trainee <> 1 AND DVAge<75 AND (DVILO3a = 1 OR EverWk = 1 OR RDVILO3a = 1 OR REverWk = 1) - respondent is aged19 or over, or 16-18 years and not in FT education and less than 75 years and has ever had a paid job"
"DVILO3a"	"PNoWk"	"FALSE"	"FtEd <> 1 AND Trainee <> 1 AND DVAge<75 AND (DVILO3a = 1 OR EverWk = 1 OR RDVILO3a = 1 OR REverWk = 1) - respondent is aged19 or over, or 16-18 years and not in FT education and less than 75 years and has ever had a paid job"	FALSE	"If FtEd <> 1 AND Trainee <> 1 AND DVAge<75 AND (DVILO3a = 1 OR EverWk = 1 OR RDVILO3a = 1 OR REverWk = 1) - respondent is aged19 or over, or 16-18 years and not in FT education and less than 75 years and has ever had a paid job"
"EverWk"	"PNoWk"	"FALSE"	"FtEd <> 1 AND Trainee <> 1 AND DVAge<75 AND (DVILO3a = 1 OR EverWk = 1 OR RDVILO3a = 1 OR REverWk = 1) - respondent is aged19 or over, or 16-18 years and not in FT education and less than 75 years and has ever had a paid job"	FALSE	"If FtEd <> 1 AND Trainee <> 1 AND DVAge<75 AND (DVILO3a = 1 OR EverWk = 1 OR RDVILO3a = 1 OR REverWk = 1) - respondent is aged19 or over, or 16-18 years and not in FT education and less than 75 years and has ever had a paid job"
"PNoWk"	"PNoWkLn"	"PNoWk == 1"	"PNoWk = 1 (respondent has had a period of 6 months or more out of paid work)"	TRUE	"If PNoWk = 1 (respondent has had a period of 6 months or more out of paid work)"
"EdAttn1"	"EdAttn3"	"FALSE"	"EdAttn1 = 1 OR EdAttn2 = 1 (respondent has qualifications)"	FALSE	"If EdAttn1 = 1 OR EdAttn2 = 1 (respondent has qualifications)"
"EdAttn2"	"EdAttn3"	"FALSE"	"EdAttn1 = 1 OR EdAttn2 = 1 (respondent has qualifications)"	FALSE	"If EdAttn1 = 1 OR EdAttn2 = 1 (respondent has qualifications)"
"JbAway"	"BType1"	"FALSE"	"Wrking = 1 OR JbAway = 1 OR OwnBus = 1 (respondent is currently working)"	FALSE	"If Wrking = 1 OR JbAway = 1 OR OwnBus = 1 (respondent is currently working)"
"OwnBus"	"BType1"	"FALSE"	"Wrking = 1 OR JbAway = 1 OR OwnBus = 1 (respondent is currently working)"	FALSE	"If Wrking = 1 OR JbAway = 1 OR OwnBus = 1 (respondent is currently working)"
"BType1"	"BDirNI1"	"FALSE"	"BType1 = 2 OR 3 (respondent is a director)"	FALSE	"If BType1 = 2 OR 3 (respondent is a director)"
"BType1"	"BOwn1"	"BType1 == 3"	"BType1 = 3 (respondent is a director of a company)"	TRUE	"If BType1 = 3 (respondent is a director of a company)"
"BType1"	"BAccsA1"	"FALSE"	"BType1 =2, 4 or (BType1=3 AND BOwn1 =1) (respondent is the sole director or a partner or a director who owns part of the business)"	FALSE	"If BType1 =2, 4 or (BType1=3 AND BOwn1 =1) (respondent is the sole director or a partner or a director who owns part of the business)"
"BOwn1"	"BAccsA1"	"FALSE"	"BType1 =2, 4 or (BType1=3 AND BOwn1 =1) (respondent is the sole director or a partner or a director who owns part of the business)"	FALSE	"If BType1 =2, 4 or (BType1=3 AND BOwn1 =1) (respondent is the sole director or a partner or a director who owns part of the business)"
"BType1"	"BAccsB1"	"BType1 == 5"	"BType1 = 5 (respondent has answered with ‘other self-employed’)"	TRUE	"If BType1 = 5 (respondent has answered with ‘other self-employed’)"
"BAccsA1"	"BAccBeg1"	"FALSE"	"BAccsA1 = 1 or BAccsB1 = 1 (accounts are prepared)"	FALSE	"If BAccsA1 = 1 or BAccsB1 = 1 (accounts are prepared)"
"BAccsB1"	"BAccBeg1"	"FALSE"	"BAccsA1 = 1 or BAccsB1 = 1 (accounts are prepared)"	FALSE	"If BAccsA1 = 1 or BAccsB1 = 1 (accounts are prepared)"
"BAccBeg1"	"BAccBegM1"	"BaccBeg1 == \"Response\""	"BaccBeg1 = Response (year has been entered)"	TRUE	"If BaccBeg1 = Response (year has been entered)"
"BAccsA1"	"BProfit1"	"FALSE"	"BAccsA1 = 1 OR BAccsB1 = 1 (accounts are prepared)"	FALSE	"If BAccsA1 = 1 OR BAccsB1 = 1 (accounts are prepared)"
"BAccsB1"	"BProfit1"	"FALSE"	"BAccsA1 = 1 OR BAccsB1 = 1 (accounts are prepared)"	FALSE	"If BAccsA1 = 1 OR BAccsB1 = 1 (accounts are prepared)"
"BProfit1"	"BPrfLoss1"	"BProfit1 >0"	"BProfit1 >0 (respondent has given a profit or loss amount)"	TRUE	"If BProfit1 >0 (respondent has given a profit or loss amount)"
"BType1"	"BALand"	"FALSE"	"BType1 = 2 or 3 (respondent is a director of or has own business)"	FALSE	"If BType1 = 2 or 3 (respondent is a director of or has own business)"
"BType1"	"BVal1"	"FALSE"	"BType1<>1 AND NOT(BOwn1 = 2) (respondent is self-employed except where do not own any of business)"	FALSE	"If BType1<>1 AND NOT(BOwn1 = 2) (respondent is self-employed except where do not own any of business)"
"BOwn1"	"BVal1"	"FALSE"	"BType1<>1 AND NOT(BOwn1 = 2) (respondent is self-employed except where do not own any of business)"	FALSE	"If BType1<>1 AND NOT(BOwn1 = 2) (respondent is self-employed except where do not own any of business)"
"BVal1"	"BValB1"	"FALSE"	"BVal1 = DK/RF (respondent does not know value of the business)"	FALSE	"If BVal1 = DK/RF (respondent does not know value of the business)"
"BType1"	"BADebtYN"	"FALSE"	"BType1 = 2,3 (Sole director or Director)"	FALSE	"If BType1 = 2,3 (Sole director or Director)"
"BType1"	"BADoust"	"FALSE"	"BType1 = 2 or 3 (respondent has own business)"	FALSE	"If BType1 = 2 or 3 (respondent has own business)"
"BType1"	"BAShare"	"FALSE"	"Btype1 = 2 or 3 (respondent is a director of, or has, their own business)"	FALSE	"If Btype1 = 2 or 3 (respondent is a director of, or has, their own business)"
"BPast"	"BSellYr"	"BPast == 1"	"BPast = 1 (had income from selling all or part of a business in the last two years)"	TRUE	"If BPast = 1 (had income from selling all or part of a business in the last two years)"
"BPast"	"BSellAm"	"BPast == 1"	"BPast = 1 (had income from selling all or part of a business in the last two years)"	TRUE	"If BPast = 1 (had income from selling all or part of a business in the last two years)"
"BSellAm"	"BSellAB"	"FALSE"	"BSellAm = DK/RF (respondent does not know how much they received from selling all or part of their business)"	FALSE	"If BSellAm = DK/RF (respondent does not know how much they received from selling all or part of their business)"
"BSellAm"	"BSellTx"	"FALSE"	"BSellAm OR BSellAB = Response (respondent has given a value for amount received from selling all or part of their business)"	FALSE	"If BSellAm OR BSellAB = Response (respondent has given a value for amount received from selling all or part of their business)"
"BSellAB"	"BSellTx"	"FALSE"	"BSellAm OR BSellAB = Response (respondent has given a value for amount received from selling all or part of their business)"	FALSE	"If BSellAm OR BSellAB = Response (respondent has given a value for amount received from selling all or part of their business)"
"BMoreBus"	"BMoreNum"	"BMoreBus == 1"	"BMoreBus = 1 (yes)"	TRUE	"If BMoreBus = 1 (yes)"
"BMoreBus"	"BWorth"	"FALSE"	"BMoreBus = 1 (respondent owns (part of) (an)other business(es))"	FALSE	"If BMoreBus = 1 (respondent owns (part of) (an)other business(es))"
"BWorth"	"BWorthB"	"FALSE"	"BWorth = DK/RF (respondent does not know value of the other business(es))"	FALSE	"If BWorth = DK/RF (respondent does not know value of the other business(es))"
"DVILO4a"	"IntroIncEm"	"DVILO4a == 1"	"DVILO4a = 1 - respondent is in employment, excluding family workers (derived from Wrking = 1 or JbAway = 1 or Schemeet = 1)"	TRUE	"If DVILO4a = 1 - respondent is in employment, excluding family workers (derived from Wrking = 1 or JbAway = 1 or Schemeet = 1)"
"DVILO4a"	"IntroIncEm2"	"FALSE"	"DVILO4a = 2 – respondent is unemployed (derived from StartJ = Yes)"	FALSE	"If DVILO4a = 2 – respondent is unemployed (derived from StartJ = Yes)"
"StartJ"	"IntroIncEm2"	"FALSE"	"DVILO4a = 2 – respondent is unemployed (derived from StartJ = Yes)"	FALSE	"If DVILO4a = 2 – respondent is unemployed (derived from StartJ = Yes)"
"DVILO4a"	"AnticPay"	"DVILO4a == 1"	"DVILO4a = 1 - respondent is in employment, excluding family workers (derived from Wrking = 1 or JbAway = 1 or Schemeet = 1)"	TRUE	"If DVILO4a = 1 - respondent is in employment, excluding family workers (derived from Wrking = 1 or JbAway = 1 or Schemeet = 1)"
"DVILO4a"	"NetPay"	"FALSE"	"DVILO4a = 1 OR PayDat = 0,1,2,3 - respondent is in employment OR will be paid a wage or salary in the future OR was last paid a wage or salary within the last year"	FALSE	"IF DVILO4a = 1 OR PayDat = 0,1,2,3 - respondent is in employment OR will be paid a wage or salary in the future OR was last paid a wage or salary within the last year"
"PayDat"	"NetPay"	"FALSE"	"DVILO4a = 1 OR PayDat = 0,1,2,3 - respondent is in employment OR will be paid a wage or salary in the future OR was last paid a wage or salary within the last year"	FALSE	"IF DVILO4a = 1 OR PayDat = 0,1,2,3 - respondent is in employment OR will be paid a wage or salary in the future OR was last paid a wage or salary within the last year"
"NetPay"	"NetPd"	"FALSE"	"NetPay=>0 - respondent has given a value at NetPay"	FALSE	"IF NetPay=>0 - respondent has given a value at NetPay"
"NetPay"	"NetEst"	"NetPay == \"DK\""	"NetPay = DK - respondent does not know their Net Pay"	TRUE	"IF NetPay = DK - respondent does not know their Net Pay"
"DVILO4a"	"GrossPay"	"FALSE"	"DVILO4a = 1 OR PayDat = 0,1,2,3 - respondent is in employment OR will be paid a wage or salary in the future OR was last paid a wage or salary within the last year"	FALSE	"IF DVILO4a = 1 OR PayDat = 0,1,2,3 - respondent is in employment OR will be paid a wage or salary in the future OR was last paid a wage or salary within the last year"
"PayDat"	"GrossPay"	"FALSE"	"DVILO4a = 1 OR PayDat = 0,1,2,3 - respondent is in employment OR will be paid a wage or salary in the future OR was last paid a wage or salary within the last year"	FALSE	"IF DVILO4a = 1 OR PayDat = 0,1,2,3 - respondent is in employment OR will be paid a wage or salary in the future OR was last paid a wage or salary within the last year"
"GrossPay"	"GrossPd"	"FALSE"	"GrossPay=>0 - respondent has given a value at GrossPay"	FALSE	"IF GrossPay=>0 - respondent has given a value at GrossPay"
"GrossPay"	"GrossEst"	"GrossPay == \"DK\""	"GrossPay = DK - respondent does not know their last gross pay from main job"	TRUE	"IF GrossPay = DK - respondent does not know their last gross pay from main job"
"DVILO4a"	"PayUsl"	"FALSE"	"DVILO4a = 1 OR PayDat = 0,1,2,3 - respondent is in employment OR will be paid a wage or salary in the future OR was last paid a wage or salary within the last year"	FALSE	"IF DVILO4a = 1 OR PayDat = 0,1,2,3 - respondent is in employment OR will be paid a wage or salary in the future OR was last paid a wage or salary within the last year"
"PayDat"	"PayUsl"	"FALSE"	"DVILO4a = 1 OR PayDat = 0,1,2,3 - respondent is in employment OR will be paid a wage or salary in the future OR was last paid a wage or salary within the last year"	FALSE	"IF DVILO4a = 1 OR PayDat = 0,1,2,3 - respondent is in employment OR will be paid a wage or salary in the future OR was last paid a wage or salary within the last year"
"PayUsl"	"WhyNoUsl"	"PayUsl == \"No\""	"PayUsl = No - respondent last wage/salary was not usual amount receive"	TRUE	"If PayUsl = No - respondent last wage/salary was not usual amount receive"
"PayUsl"	"UNett"	"PayUsl == \"No\""	"PayUsl = No - if respondent last wage/salary was not usual amount receive"	TRUE	"If PayUsl = No - if respondent last wage/salary was not usual amount receive"
"PayUsl"	"UGross"	"PayUsl == \"No\""	"PayUsl = No - respondent last wage/salary was not usual amount receive"	TRUE	"If PayUsl = No - respondent last wage/salary was not usual amount receive"
"UGross"	"UPd"	"UGross == \"response\""	"UGross = response - respondent provided a usual gross amount"	TRUE	"If UGross = response - respondent provided a usual gross amount"
"DVILO4a"	"UPd"	"FALSE"	"DVILO4a = 1 OR PayDat = 0,1,2,3 - respondent is in employment OR will be paid a wage or salary in the future OR was last paid a wage or salary within the last year"	FALSE	"IF DVILO4a = 1 OR PayDat = 0,1,2,3 - respondent is in employment OR will be paid a wage or salary in the future OR was last paid a wage or salary within the last year"
"PayDat"	"UPd"	"FALSE"	"DVILO4a = 1 OR PayDat = 0,1,2,3 - respondent is in employment OR will be paid a wage or salary in the future OR was last paid a wage or salary within the last year"	FALSE	"IF DVILO4a = 1 OR PayDat = 0,1,2,3 - respondent is in employment OR will be paid a wage or salary in the future OR was last paid a wage or salary within the last year"
"SEAmt"	"SEPer"	"SEAmt == \"response\""	"SEAmt = response - respondent has given an income/profit figure"	TRUE	"If SEAmt = response - respondent has given an income/profit figure"
"SEAmt"	"SEAmK"	"FALSE"	"SEAmt = DK/RF - respondent does not know income from business"	FALSE	"If SEAmt = DK/RF - respondent does not know income from business"
"SEAmK"	"SEEsW"	"SEAmK == 1"	"SEAmK = 1 - respondent would like to give income weekly"	TRUE	"If SEAmK = 1 - respondent would like to give income weekly"
"SEAmK"	"SEEsM"	"SEAmK == 2"	"SEAmK = 2 - respondent would like to give income monthy"	TRUE	"If SEAmK = 2 - respondent would like to give income monthy"
"GrsSEMJB"	"GrossPer"	"GrsSEMJb == \"response\""	"GrsSEMJb = response - respondent has given a profit figure"	TRUE	"If GrsSEMJb = response - respondent has given a profit figure"
"GrsSEMJB"	"GrsAmk"	"FALSE"	"GrsSEMjb = DK/RF - respondent does not know profit amount"	FALSE	"If GrsSEMjb = DK/RF - respondent does not know profit amount"
"GrsAmk"	"GrSEEsW"	"GrsAmK == 1"	"GrsAmK = 1 - respondent would like to give income weekly"	TRUE	"If GrsAmK = 1 - respondent would like to give income weekly"
"GrsAmk"	"GrSEEsM"	"GrsAmK == 2"	"GrsAmK = 2 - respondent would like to give income monthly"	TRUE	"If GrsAmK = 2 - respondent would like to give income monthly"
"SEAmt"	"SEAmL"	"FALSE"	"SEAmt = -1 - respondent has made a loss"	FALSE	"If SEAmt = -1 - respondent has made a loss"
"SEAmt"	"SEPeL"	"FALSE"	"SEAmt = -1 AND SEAmL = Response - respondent has made a loss and they have given an amount"	FALSE	"If SEAmt = -1 AND SEAmL = Response - respondent has made a loss and they have given an amount"
"SEAmL"	"SEPeL"	"FALSE"	"SEAmt = -1 AND SEAmL = Response - respondent has made a loss and they have given an amount"	FALSE	"If SEAmt = -1 AND SEAmL = Response - respondent has made a loss and they have given an amount"
"SJob2"	"SjEmp1"	"SJob2 == 1"	"SJob2 = 1 - respondent has other jobs"	TRUE	"If SJob2 = 1 - respondent has other jobs"
"SjNet"	"SjGrs"	"FALSE"	"SjEmp = 1 AND SjNet > 0 (respondent is doing other jobs as employee)"	FALSE	"If SjEmp = 1 AND SjNet > 0 (respondent is doing other jobs as employee)"
"SjNet"	"Sj12N"	"SjNet == 0"	"SjNet = 0 (respondent did not earn anything in the last month)"	TRUE	"If SjNet = 0 (respondent did not earn anything in the last month)"
"SjNet"	"Sj12G"	"SjNet == 0"	"SjNet = 0 (respondent did not earn anything in the last month)"	TRUE	"If SjNet = 0 (respondent did not earn anything in the last month)"
"SjSeG"	"SjSeN"	"FALSE"	"SjEmp = 2 and SjSeG > 0 (respondent is doing other jobs as self-employed)"	FALSE	"If SjEmp = 2 and SjSeG > 0 (respondent is doing other jobs as self-employed)"
"DisBen"	"DisBADP"	"FALSE"	"Country = ScotS OR ScotN AND DisBen = 1 (Scottish case and receiving Personal Independence Payment or Adult Disability Payment)"	FALSE	"If Country = ScotS OR ScotN AND DisBen = 1 (Scottish case and receiving Personal Independence Payment or Adult Disability Payment)"
"DisBen"	"PIPType"	"DisBen == 1"	"DisBen = 1"	TRUE	"Ask if DisBen = 1"
"DisBen"	"DisBCDP"	"FALSE"	"Scottish case and DisBen = 2"	FALSE	"If Scottish case and DisBen = 2"
"DisBCDP"	"CDPType"	"FALSE"	"Scottish case and DisBCDP = 1"	FALSE	"If Scottish case and DisBCDP = 1"
"CDPType"	"CDPMota"	"FALSE"	"Scottish case and CDPType = 2 or 3"	FALSE	"If Scottish case and CDPType = 2 or 3"
"DisBen"	"DLAType"	"DisBen == 2"	"DisBen = 2"	TRUE	"Ask if DisBen = 2"
"DLAType"	"DLAMota"	"FALSE"	"DLAType = 2,3"	FALSE	"Ask if DLAType = 2,3"
"PenBen"	"BspFirst"	"PenBen == 3"	"PenBen = 3"	TRUE	"Ask if PenBen = 3"
"BspFirst"	"BspFirstAm"	"BspFirst == 1"	"BspFirst = 1"	TRUE	"Ask if BspFirst = 1"
"BankStmt"	"SocFund"	"FALSE"	"COLLetter = 1 OR BankStmt = YES OR NO"	FALSE	"IF COLLetter = 1 OR BankStmt = YES OR NO"
"OtherBen"	"OthName"	"OtherBen == 2"	"OtherBen = 2"	TRUE	"Ask if OtherBen = 2"
"BenAmt"	"BenAmtDK"	"BenAmt == \"DK\""	"BenAmt = DK"	TRUE	"Ask if BenAmt = DK"
"BenAmt"	"BenPd"	"BenAmt > 0"	"BenAmt > 0"	TRUE	"Ask if BenAmt > 0"
"WAgeBen"	"BenPd"	"FALSE"	"WageBen = 3(receiving Working Tax Credit)"	FALSE	"If WageBen = 3(receiving Working Tax Credit)"
"WAgeBen"	"BenPd"	"WageBen == 3"	"WageBen = 3 (receiving Working Tax Credit)"	TRUE	"If WageBen = 3 (receiving Working Tax Credit)"
"WAgeBen"	"JSAType"	"WageBen == 6"	"WageBen = 6 (benefit being reported is Jobseeker’s Allowance)"	TRUE	"If WageBen = 6 (benefit being reported is Jobseeker’s Allowance)"
"WAgeBen"	"ESAType"	"WageBen == 7"	"WageBen = 7 (benefit being reported is Employment and Support Allowance)"	TRUE	"If WageBen = 7 (benefit being reported is Employment and Support Allowance)"
"WAgeBen"	"CaPer"	"WageBen == 8"	"WageBen = 8 (benefit being reported is Carer’s Allowance)"	TRUE	"If WageBen = 8 (benefit being reported is Carer’s Allowance)"
"DisBen"	"WhoRec"	"DisBen == 3"	"DisBen = 3 (benefit being reported is Attendance Allowance)"	TRUE	"If DisBen = 3 (benefit being reported is Attendance Allowance)"
"DisBen"	"GetCA"	"FALSE"	"DisBen = 2 OR DisBen = 3 (benefit being reported is Disability Living Allowance or Attendance Allowance)"	FALSE	"If DisBen = 2 OR DisBen = 3 (benefit being reported is Disability Living Allowance or Attendance Allowance)"
"DisBen"	"PComp"	"FALSE"	"DisBen = 2 OR DisBen = 3 (benefit being reported is Disability Living Allowance or Attendance Allowance)"	FALSE	"If DisBen = 2 OR DisBen = 3 (benefit being reported is Disability Living Allowance or Attendance Allowance)"
"KidBen"	"CBTax"	"KidBen == 1"	"KidBen = 1 (benefit being reported is Child Benefit)"	TRUE	"If KidBen = 1 (benefit being reported is Child Benefit)"
"CBTax"	"CBTaxAmt"	"CBTax == 1"	"CBTax = 1"	TRUE	"If CBTax = 1"
"CBTaxAmt"	"CBTaxPD"	"CBTaxAmt > 0"	"CBTaxAmt > 0"	TRUE	"If CBTaxAmt > 0"
"OtherBen"	"ExtBenAmt"	"FALSE"	"OtherBen = 1(benefit being reported is ‘Extended Payment’ of Housing Benefit / rent rebate)"	FALSE	"If OtherBen = 1(benefit being reported is ‘Extended Payment’ of Housing Benefit / rent rebate)"
"SFRepay"	"RepayAmt"	"SFRepay == 1"	"SFRepay = 1"	TRUE	"If SFRepay = 1"
"SFRepay"	"SFInc"	"SFRepay == 1"	"SFRepay = 1 (respondent is at present making any repayments on any Budgeting loans/ Advances or Local Authority Loans)"	TRUE	"If SFRepay = 1 (respondent is at present making any repayments on any Budgeting loans/ Advances or Local Authority Loans)"
"BenAmtDK"	"ComBAm"	"FALSE"	"any value of BenAmtDK = 1 - Ask if benefit was paid in combination with another and cannot establish a separate amount"	FALSE	"If any value of BenAmtDK = 1 - Ask if benefit was paid in combination with another and cannot establish a separate amount"
"BenAmtDK"	"ComBPd"	"FALSE"	"any value of BenAmtDK = 1 (benefit was paid in combination with another and cannot establish a separate amount)"	FALSE	"If any value of BenAmtDK = 1 (benefit was paid in combination with another and cannot establish a separate amount)"
"PersProx"	"OPenInt"	"FALSE"	"PersProx = 1 AND ((DVAge < 40) OR (DVAge >= 40 AND YinAct <> 5)) - not a proxy interview, and respondent is less than 40 years of age or over 40 years of age but not retired."	FALSE	"If PersProx = 1 AND ((DVAge < 40) OR (DVAge >= 40 AND YinAct <> 5)) - not a proxy interview, and respondent is less than 40 years of age or over 40 years of age but not retired."
"DVage"	"OPenInt"	"FALSE"	"PersProx = 1 AND ((DVAge < 40) OR (DVAge >= 40 AND YinAct <> 5)) - not a proxy interview, and respondent is less than 40 years of age or over 40 years of age but not retired."	FALSE	"If PersProx = 1 AND ((DVAge < 40) OR (DVAge >= 40 AND YinAct <> 5)) - not a proxy interview, and respondent is less than 40 years of age or over 40 years of age but not retired."
"YInAct"	"OPenInt"	"FALSE"	"PersProx = 1 AND ((DVAge < 40) OR (DVAge >= 40 AND YinAct <> 5)) - not a proxy interview, and respondent is less than 40 years of age or over 40 years of age but not retired."	FALSE	"If PersProx = 1 AND ((DVAge < 40) OR (DVAge >= 40 AND YinAct <> 5)) - not a proxy interview, and respondent is less than 40 years of age or over 40 years of age but not retired."
"PersProx"	"OUnder"	"FALSE"	"PersProx = 1 AND ((DVAge < 40) OR (DVAge >= 40 AND YinAct <> 5))- not a proxy interview, and respondent is less than 40 years of age or over 40 years of age but not retired."	FALSE	"If PersProx = 1 AND ((DVAge < 40) OR (DVAge >= 40 AND YinAct <> 5))- not a proxy interview, and respondent is less than 40 years of age or over 40 years of age but not retired."
"DVage"	"OUnder"	"FALSE"	"PersProx = 1 AND ((DVAge < 40) OR (DVAge >= 40 AND YinAct <> 5))- not a proxy interview, and respondent is less than 40 years of age or over 40 years of age but not retired."	FALSE	"If PersProx = 1 AND ((DVAge < 40) OR (DVAge >= 40 AND YinAct <> 5))- not a proxy interview, and respondent is less than 40 years of age or over 40 years of age but not retired."
"YInAct"	"OUnder"	"FALSE"	"PersProx = 1 AND ((DVAge < 40) OR (DVAge >= 40 AND YinAct <> 5))- not a proxy interview, and respondent is less than 40 years of age or over 40 years of age but not retired."	FALSE	"If PersProx = 1 AND ((DVAge < 40) OR (DVAge >= 40 AND YinAct <> 5))- not a proxy interview, and respondent is less than 40 years of age or over 40 years of age but not retired."
"PersProx"	"MorSavRe"	"FALSE"	"PersProx = 1 AND (DVAge < 40) OR (DVAge >= 40 AND YInAct <> 5) - not a proxy interview, and respondent is less than 40 years of age or over 40 years of age but not retired"	FALSE	"If PersProx = 1 AND (DVAge < 40) OR (DVAge >= 40 AND YInAct <> 5) - not a proxy interview, and respondent is less than 40 years of age or over 40 years of age but not retired"
"DVage"	"MorSavRe"	"FALSE"	"PersProx = 1 AND (DVAge < 40) OR (DVAge >= 40 AND YInAct <> 5) - not a proxy interview, and respondent is less than 40 years of age or over 40 years of age but not retired"	FALSE	"If PersProx = 1 AND (DVAge < 40) OR (DVAge >= 40 AND YInAct <> 5) - not a proxy interview, and respondent is less than 40 years of age or over 40 years of age but not retired"
"YInAct"	"MorSavRe"	"FALSE"	"PersProx = 1 AND (DVAge < 40) OR (DVAge >= 40 AND YInAct <> 5) - not a proxy interview, and respondent is less than 40 years of age or over 40 years of age but not retired"	FALSE	"If PersProx = 1 AND (DVAge < 40) OR (DVAge >= 40 AND YInAct <> 5) - not a proxy interview, and respondent is less than 40 years of age or over 40 years of age but not retired"
"PersProx"	"OSaferet"	"FALSE"	"PersProx = 1 AND (DVAge < 40) OR (DVAge >= 40 and YinAct <> 5) - not a proxy interview, and respondent is less than 40 years of age or over 40 years of age but not retired."	FALSE	"If PersProx = 1 AND (DVAge < 40) OR (DVAge >= 40 and YinAct <> 5) - not a proxy interview, and respondent is less than 40 years of age or over 40 years of age but not retired."
"DVage"	"OSaferet"	"FALSE"	"PersProx = 1 AND (DVAge < 40) OR (DVAge >= 40 and YinAct <> 5) - not a proxy interview, and respondent is less than 40 years of age or over 40 years of age but not retired."	FALSE	"If PersProx = 1 AND (DVAge < 40) OR (DVAge >= 40 and YinAct <> 5) - not a proxy interview, and respondent is less than 40 years of age or over 40 years of age but not retired."
"YInAct"	"OSaferet"	"FALSE"	"PersProx = 1 AND (DVAge < 40) OR (DVAge >= 40 and YinAct <> 5) - not a proxy interview, and respondent is less than 40 years of age or over 40 years of age but not retired."	FALSE	"If PersProx = 1 AND (DVAge < 40) OR (DVAge >= 40 and YinAct <> 5) - not a proxy interview, and respondent is less than 40 years of age or over 40 years of age but not retired."
"PersProx"	"OMakeMost"	"FALSE"	"PersProx = 1 AND (DVAge < 40) OR (DVAge >= 4 AND YinAct <> 5) - not a proxy interview, and respondent is less than 40 years of age or over 40 years of age but not retired."	FALSE	"If PersProx = 1 AND (DVAge < 40) OR (DVAge >= 4 AND YinAct <> 5) - not a proxy interview, and respondent is less than 40 years of age or over 40 years of age but not retired."
"DVage"	"OMakeMost"	"FALSE"	"PersProx = 1 AND (DVAge < 40) OR (DVAge >= 4 AND YinAct <> 5) - not a proxy interview, and respondent is less than 40 years of age or over 40 years of age but not retired."	FALSE	"If PersProx = 1 AND (DVAge < 40) OR (DVAge >= 4 AND YinAct <> 5) - not a proxy interview, and respondent is less than 40 years of age or over 40 years of age but not retired."
"YInAct"	"OMakeMost"	"FALSE"	"PersProx = 1 AND (DVAge < 40) OR (DVAge >= 4 AND YinAct <> 5) - not a proxy interview, and respondent is less than 40 years of age or over 40 years of age but not retired."	FALSE	"If PersProx = 1 AND (DVAge < 40) OR (DVAge >= 4 AND YinAct <> 5) - not a proxy interview, and respondent is less than 40 years of age or over 40 years of age but not retired."
"PersProx"	"OTrustN"	"FALSE"	"PersProx = 1 AND (DVAge < 40) OR (DVAge >= 4 AND YinAct <> 5) - not a proxy interview, and respondent is less than 40 years of age or over 40 years of age but not retired."	FALSE	"If PersProx = 1 AND (DVAge < 40) OR (DVAge >= 4 AND YinAct <> 5) - not a proxy interview, and respondent is less than 40 years of age or over 40 years of age but not retired."
"DVage"	"OTrustN"	"FALSE"	"PersProx = 1 AND (DVAge < 40) OR (DVAge >= 4 AND YinAct <> 5) - not a proxy interview, and respondent is less than 40 years of age or over 40 years of age but not retired."	FALSE	"If PersProx = 1 AND (DVAge < 40) OR (DVAge >= 4 AND YinAct <> 5) - not a proxy interview, and respondent is less than 40 years of age or over 40 years of age but not retired."
"YInAct"	"OTrustN"	"FALSE"	"PersProx = 1 AND (DVAge < 40) OR (DVAge >= 4 AND YinAct <> 5) - not a proxy interview, and respondent is less than 40 years of age or over 40 years of age but not retired."	FALSE	"If PersProx = 1 AND (DVAge < 40) OR (DVAge >= 4 AND YinAct <> 5) - not a proxy interview, and respondent is less than 40 years of age or over 40 years of age but not retired."
"SBPinPNow"	"SBPinPPast"	"SBPinPNow == \"No\""	"SBPinPNow = No"	TRUE	"If SBPinPNow = No"
"SBActNow"	"SBOutro"	"FALSE"	"SBOutro = 1 AND switchboard (SBActNow = 1) go to ActIntro (Active Pensions section)"	FALSE	"If SBOutro = 1 AND switchboard (SBActNow = 1) go to ActIntro (Active Pensions section)"
"ActIntro"	"SBOutro"	"FALSE"	"SBOutro = 1 AND switchboard (SBActNow = 1) go to ActIntro (Active Pensions section)"	FALSE	"If SBOutro = 1 AND switchboard (SBActNow = 1) go to ActIntro (Active Pensions section)"
"SBOutroCheck"	"SBOutro"	"FALSE"	"SBOutro = 2 go to SBOutroCheck"	FALSE	"If SBOutro = 2 go to SBOutroCheck"
"SBOutro"	"SBOutroCheck"	"SBOutro == 2"	"SBOutro = 2 (No)"	TRUE	"If SBOutro = 2 (No)"
"ActEPNum"	"ActTyp"	"FALSE"	"ActTyp=1, go to ActEPNum"	FALSE	"If ActTyp=1, go to ActEPNum"
"ActPPNum"	"ActTyp"	"FALSE"	"ActTyp=2, go to ActPPNum"	FALSE	"If ActTyp=2, go to ActPPNum"
"ActTyp"	"ActEPNum"	"FALSE"	"ActTyp=1,3"	FALSE	"If ActTyp=1,3"
"ActEPName"	"ActEPNum"	"FALSE"	"ActEPNum =1 or 2, go to ActEPName"	FALSE	"If ActEPNum =1 or 2, go to ActEPName"
"ActEPHigh"	"ActEPNum"	"FALSE"	"ActEPNum > 2, go to ActEPHigh"	FALSE	"If ActEPNum > 2, go to ActEPHigh"
"ActEPNum"	"ActEPHigh"	"ActEPNum >2"	"ActEPNum >2"	TRUE	"If ActEPNum >2"
"ActEPNum"	"ActEPName"	"ActEPNum >=1"	"ActEPNum >=1"	TRUE	"If ActEPNum >=1"
"ActEPName"	"ActEPJb"	"FALSE"	"ActEPName = response AND DVilo3a = in employment"	FALSE	"If ActEPName = response AND DVilo3a = in employment"
"DVILO3a"	"ActEPJb"	"FALSE"	"ActEPName = response AND DVilo3a = in employment"	FALSE	"If ActEPName = response AND DVilo3a = in employment"
"ActEPTyp"	"ActEPJb"	"FALSE"	"ActEPJb=1, go to ActEPTyp"	FALSE	"if ActEPJb=1, go to ActEPTyp"
"ActEPSec"	"ActEPJb"	"FALSE"	"ActEPJb=2or 3, go to ActEPSec"	FALSE	"if ActEPJb=2or 3, go to ActEPSec"
"ActEPName"	"ActEPSec"	"ActEPName == \"response\""	"ActEPName = response"	TRUE	"If ActEPName = response"
"ActEPNum"	"ActEPTyp"	"ActEPNum >=1"	"ActEPNum >=1"	TRUE	"If ActEPNum >=1"
"ActEPNum"	"ActEPIntro"	"FALSE"	"ActEPNum >=1 AND (ActEPTyp <> 4 or ActEPSec = 1 or ActEPSec= 2)"	FALSE	"If ActEPNum >=1 AND (ActEPTyp <> 4 or ActEPSec = 1 or ActEPSec= 2)"
"ActEPTyp"	"ActEPIntro"	"FALSE"	"ActEPNum >=1 AND (ActEPTyp <> 4 or ActEPSec = 1 or ActEPSec= 2)"	FALSE	"If ActEPNum >=1 AND (ActEPTyp <> 4 or ActEPSec = 1 or ActEPSec= 2)"
"ActEPSec"	"ActEPIntro"	"FALSE"	"ActEPNum >=1 AND (ActEPTyp <> 4 or ActEPSec = 1 or ActEPSec= 2)"	FALSE	"If ActEPNum >=1 AND (ActEPTyp <> 4 or ActEPSec = 1 or ActEPSec= 2)"
"ActEPVal"	"ActEPIntro"	"FALSE"	"ActEPTyp = 1,3,4 go to ActEPVal (those who answer 3 here go through all the variables rather than just one set)"	FALSE	"If ActEPTyp = 1,3,4 go to ActEPVal (those who answer 3 here go through all the variables rather than just one set)"
"ActEPDBYrSt"	"ActEPIntro"	"FALSE"	"ActEPTyp = 2 go to ActEPDBYrSt"	FALSE	"If ActEPTyp = 2 go to ActEPDBYrSt"
"ActEPJb"	"ActEPIntro"	"FALSE"	"ActEPTyp = 4 and ActEPJb = 1 and Sectr2 = (2,3,4,6,8), go to ActEPDBYrSt"	FALSE	"If ActEPTyp = 4 and ActEPJb = 1 and Sectr2 = (2,3,4,6,8), go to ActEPDBYrSt"
"Sectr2"	"ActEPIntro"	"FALSE"	"ActEPTyp = 4 and ActEPJb = 1 and Sectr2 = (2,3,4,6,8), go to ActEPDBYrSt"	FALSE	"If ActEPTyp = 4 and ActEPJb = 1 and Sectr2 = (2,3,4,6,8), go to ActEPDBYrSt"
"ActEPTyp"	"ActEPDBYrSt"	"FALSE"	"ActEPTyp = 2,3 OR (ActEPTyp = 4 AND ActEPSec = 2)"	FALSE	"If ActEPTyp = 2,3 OR (ActEPTyp = 4 AND ActEPSec = 2)"
"ActEPSec"	"ActEPDBYrSt"	"FALSE"	"ActEPTyp = 2,3 OR (ActEPTyp = 4 AND ActEPSec = 2)"	FALSE	"If ActEPTyp = 2,3 OR (ActEPTyp = 4 AND ActEPSec = 2)"
"ActEPTyp"	"ActEPAge"	"FALSE"	"ActEPTyp = 2,3 OR IF (ActEPTyp = 4 AND ActEPSec = 2)"	FALSE	"If ActEPTyp = 2,3 OR IF (ActEPTyp = 4 AND ActEPSec = 2)"
"ActEPSec"	"ActEPAge"	"FALSE"	"ActEPTyp = 2,3 OR IF (ActEPTyp = 4 AND ActEPSec = 2)"	FALSE	"If ActEPTyp = 2,3 OR IF (ActEPTyp = 4 AND ActEPSec = 2)"
"ActEPTyp"	"ActEPJbAmt"	"FALSE"	"ActEPTyp = 2,3 OR (ActEPTyp = 4 AND ActEPSec = 2) AND ActEPJb= 3"	FALSE	"If ActEPTyp = 2,3 OR (ActEPTyp = 4 AND ActEPSec = 2) AND ActEPJb= 3"
"ActEPSec"	"ActEPJbAmt"	"FALSE"	"ActEPTyp = 2,3 OR (ActEPTyp = 4 AND ActEPSec = 2) AND ActEPJb= 3"	FALSE	"If ActEPTyp = 2,3 OR (ActEPTyp = 4 AND ActEPSec = 2) AND ActEPJb= 3"
"ActEPJb"	"ActEPJbAmt"	"FALSE"	"ActEPTyp = 2,3 OR (ActEPTyp = 4 AND ActEPSec = 2) AND ActEPJb= 3"	FALSE	"If ActEPTyp = 2,3 OR (ActEPTyp = 4 AND ActEPSec = 2) AND ActEPJb= 3"
"ActEPAcFrYN"	"ActEPJbAmt"	"FALSE"	"ActEPJbAmt = response, go to ActEPAcFrYN"	FALSE	"If ActEPJbAmt = response, go to ActEPAcFrYN"
"ActEPJbAmtb"	"ActEPJbAmt"	"FALSE"	"ActEPJbAmt = DK/RF, go to ActEPJbAmtb"	FALSE	"If ActEPJbAmt = DK/RF, go to ActEPJbAmtb"
"ActEPAmt"	"ActEPJbAmtb"	"FALSE"	"ActEPAmt = DK/RF"	FALSE	"If ActEPAmt = DK/RF"
"ActEPTyp"	"ActEPAcFrYN"	"FALSE"	"ActEPTyp = 2,3 OR (ActEPTyp = 4 AND ActEPSec = 2)"	FALSE	"If ActEPTyp = 2,3 OR (ActEPTyp = 4 AND ActEPSec = 2)"
"ActEPSec"	"ActEPAcFrYN"	"FALSE"	"ActEPTyp = 2,3 OR (ActEPTyp = 4 AND ActEPSec = 2)"	FALSE	"If ActEPTyp = 2,3 OR (ActEPTyp = 4 AND ActEPSec = 2)"
"ActEPAcFrYN"	"ActEPAcFr"	"ActEPAcFrYN== 1"	"ActEPAcFrYN= 1"	TRUE	"If ActEPAcFrYN= 1"
"ActEPAcFrOt"	"ActEPAcFr"	"FALSE"	"ActEPAcFr=6, go to ActEPAcFrOt"	FALSE	"if ActEPAcFr=6, go to ActEPAcFrOt"
"ActEPAcFr"	"ActEPAcFrOt"	"ActEPAcFr == 6"	"ActEPAcFr = 6"	TRUE	"If ActEPAcFr = 6"
"ActEPTyp"	"ActEPInc"	"FALSE"	"ActEPTyp = 2,3 OR (ActEPTyp = 4 AND ActEPSec = 2)"	FALSE	"If ActEPTyp = 2,3 OR (ActEPTyp = 4 AND ActEPSec = 2)"
"ActEPSec"	"ActEPInc"	"FALSE"	"ActEPTyp = 2,3 OR (ActEPTyp = 4 AND ActEPSec = 2)"	FALSE	"If ActEPTyp = 2,3 OR (ActEPTyp = 4 AND ActEPSec = 2)"
"ActEPNum"	"ActEPInc"	"FALSE"	"ActEPInc = response and ActEPNum=2, go to ActEPName"	FALSE	"If ActEPInc = response and ActEPNum=2, go to ActEPName"
"ActEPName"	"ActEPInc"	"FALSE"	"ActEPInc = response and ActEPNum=2, go to ActEPName"	FALSE	"If ActEPInc = response and ActEPNum=2, go to ActEPName"
"ActTyp"	"ActEPInc"	"FALSE"	"ActEPInc = response and ActEPNum>2 and ActTyp = 3, go to ActPPNum"	FALSE	"If ActEPInc = response and ActEPNum>2 and ActTyp = 3, go to ActPPNum"
"ActPPNum"	"ActEPInc"	"FALSE"	"ActEPInc = response and ActEPNum>2 and ActTyp = 3, go to ActPPNum"	FALSE	"If ActEPInc = response and ActEPNum>2 and ActTyp = 3, go to ActPPNum"
"ActOutro"	"ActEPInc"	"FALSE"	"ActEPInc = response and ActEPNum>2 and ActTyp = 1, go to ActOutro"	FALSE	"If ActEPInc = response and ActEPNum>2 and ActTyp = 1, go to ActOutro"
"ActEPIncb"	"ActEPInc"	"FALSE"	"ActEPInc = DK or RF, go to ActEPIncb"	FALSE	"If ActEPInc = DK or RF, go to ActEPIncb"
"ActEPInc"	"ActEPIncb"	"FALSE"	"ActEPInc= DK/RF"	FALSE	"If ActEPInc= DK/RF"
"ActEPNum"	"ActEPIncb"	"FALSE"	"ActEPNum=2, go to ActEPName"	FALSE	"If ActEPNum=2, go to ActEPName"
"ActEPName"	"ActEPIncb"	"FALSE"	"ActEPNum=2, go to ActEPName"	FALSE	"If ActEPNum=2, go to ActEPName"
"ActTyp"	"ActEPIncb"	"FALSE"	"ActEPNum>2 and ActTyp = 3, go to ActPPNum"	FALSE	"If ActEPNum>2 and ActTyp = 3, go to ActPPNum"
"ActPPNum"	"ActEPIncb"	"FALSE"	"ActEPNum>2 and ActTyp = 3, go to ActPPNum"	FALSE	"If ActEPNum>2 and ActTyp = 3, go to ActPPNum"
"ActOutro"	"ActEPIncb"	"FALSE"	"ActEPNum>2 and ActTyp = 1, go to ActOutro"	FALSE	"If ActEPNum>2 and ActTyp = 1, go to ActOutro"
"ActEPTyp"	"ActEPVal"	"FALSE"	"ActEPTyp= 1,3 OR (ActEPTyp = 4 AND ActEpSec = 1)"	FALSE	"If ActEPTyp= 1,3 OR (ActEPTyp = 4 AND ActEpSec = 1)"
"ActEPSec"	"ActEPVal"	"FALSE"	"ActEPTyp= 1,3 OR (ActEPTyp = 4 AND ActEpSec = 1)"	FALSE	"If ActEPTyp= 1,3 OR (ActEPTyp = 4 AND ActEpSec = 1)"
"ActEPDCYrSt"	"ActEPVal"	"FALSE"	"ActEPVal = response, go to ActEPDCYrSt"	FALSE	"If ActEPVal = response, go to ActEPDCYrSt"
"ActEPValb"	"ActEPVal"	"FALSE"	"ActEPVal = DK/RF, go to ActEPValb"	FALSE	"If ActEPVal = DK/RF, go to ActEPValb"
"ActEPVal"	"ActEPValb"	"FALSE"	"ActEPVal = DK/RF"	FALSE	"If ActEPVal = DK/RF"
"ActEPTyp"	"ActEPAmtPer"	"FALSE"	"ActEPTyp = 1,3 OR (ActEPTyp = 4 AND ActEpSec = 1)"	FALSE	"If ActEPTyp = 1,3 OR (ActEPTyp = 4 AND ActEpSec = 1)"
"ActEPSec"	"ActEPAmtPer"	"FALSE"	"ActEPTyp = 1,3 OR (ActEPTyp = 4 AND ActEpSec = 1)"	FALSE	"If ActEPTyp = 1,3 OR (ActEPTyp = 4 AND ActEpSec = 1)"
"ActEPAmtPer"	"ActEPAmt"	"ActEPAmtPer == 1"	"ActEPAmtPer = 1"	TRUE	"If ActEPAmtPer = 1"
"ActEPNum"	"ActEPAmt"	"FALSE"	"ActEPAmt = response and ActEPNum = 2, go to ActEPName"	FALSE	"If ActEPAmt = response and ActEPNum = 2, go to ActEPName"
"ActEPName"	"ActEPAmt"	"FALSE"	"ActEPAmt = response and ActEPNum = 2, go to ActEPName"	FALSE	"If ActEPAmt = response and ActEPNum = 2, go to ActEPName"
"ActTyp"	"ActEPAmt"	"FALSE"	"ActEPAmt = response and ActEPNum >2 and respondent has answered the questions about their second employer pension, and ActTyp = 3, go to ActPPNum"	FALSE	"If ActEPAmt = response and ActEPNum >2 and respondent has answered the questions about their second employer pension, and ActTyp = 3, go to ActPPNum"
"ActPPNum"	"ActEPAmt"	"FALSE"	"ActEPAmt = response and ActEPNum >2 and respondent has answered the questions about their second employer pension, and ActTyp = 3, go to ActPPNum"	FALSE	"If ActEPAmt = response and ActEPNum >2 and respondent has answered the questions about their second employer pension, and ActTyp = 3, go to ActPPNum"
"ActOutro"	"ActEPAmt"	"FALSE"	"ActEPAmt = response and ActEPNum >2 and respondent has answered the questions about thir second employer pension, and ActTyp = 1, go to ActOutro"	FALSE	"If ActEPAmt = response and ActEPNum >2 and respondent has answered the questions about thir second employer pension, and ActTyp = 1, go to ActOutro"
"ActEPAmtPer"	"ActEPPer"	"ActEPAmtPer == 2"	"ActEPAmtPer = 2"	TRUE	"If ActEPAmtPer = 2"
"ActEPNum"	"ActEPPer"	"FALSE"	"ActEPPer = response and ActEPNum = 2, go to ActEPName"	FALSE	"If ActEPPer = response and ActEPNum = 2, go to ActEPName"
"ActEPName"	"ActEPPer"	"FALSE"	"ActEPPer = response and ActEPNum = 2, go to ActEPName"	FALSE	"If ActEPPer = response and ActEPNum = 2, go to ActEPName"
"ActTyp"	"ActEPPer"	"FALSE"	"ActEPPer = response and ActEPNum >2 and respondent has answered the questions about their second employer pension, and ActTyp = 3, go to ActPPNum"	FALSE	"If ActEPPer = response and ActEPNum >2 and respondent has answered the questions about their second employer pension, and ActTyp = 3, go to ActPPNum"
"ActPPNum"	"ActEPPer"	"FALSE"	"ActEPPer = response and ActEPNum >2 and respondent has answered the questions about their second employer pension, and ActTyp = 3, go to ActPPNum"	FALSE	"If ActEPPer = response and ActEPNum >2 and respondent has answered the questions about their second employer pension, and ActTyp = 3, go to ActPPNum"
"ActOutro"	"ActEPPer"	"FALSE"	"ActEPPer = response and ActEPNum >2 and respondent has answered the questions about thir second employer pension, and ActTyp = 1, go to ActOutro"	FALSE	"If ActEPPer = response and ActEPNum >2 and respondent has answered the questions about thir second employer pension, and ActTyp = 1, go to ActOutro"
"ActTyp"	"ActPPNum"	"FALSE"	"ActTyp = 2 or 3"	FALSE	"If ActTyp = 2 or 3"
"ActPPName"	"ActPPNum"	"FALSE"	"ActPPNum =1 or 2, go to ActPPName"	FALSE	"If ActPPNum =1 or 2, go to ActPPName"
"ActPPHigh"	"ActPPNum"	"FALSE"	"ActPPNum > 2, go to ActPPHigh"	FALSE	"If ActPPNum > 2, go to ActPPHigh"
"ActPPNum"	"ActPPHigh"	"ActPPNum>2"	"ActPPNum>2"	TRUE	"If ActPPNum>2"
"ActPPNum"	"ActPPName"	"ActPPNum>= 1"	"ActPPNum>= 1"	TRUE	"If ActPPNum>= 1"
"ActPPNum"	"ActPPYrSt"	"ActPPNum>= 1"	"ActPPNum>= 1 (respondent has one or more personal pension schemes)"	TRUE	"If ActPPNum>= 1 (respondent has one or more personal pension schemes)"
"ActPPNum"	"ActPPAmtPer"	"ActPPNum>= 1"	"ActPPNum>= 1 (respondent has one or more personal pension schemes)"	TRUE	"If ActPPNum>= 1 (respondent has one or more personal pension schemes)"
"ActPPAmtPer"	"ActPPAmt"	"ActPPAmtPer == 1"	"ActPPAmtPer = 1"	TRUE	"If ActPPAmtPer = 1"
"ActPPAmtPer"	"ActPPPer"	"ActPPAmtPer == 2"	"ActPPAmtPer = 2"	TRUE	"If ActPPAmtPer = 2"
"ActPPNum"	"ActPPIntro"	"ActPPNum>= 1"	"ActPPNum>= 1 (respondent has one or more personal pension schemes)"	TRUE	"If ActPPNum>= 1 (respondent has one or more personal pension schemes)"
"ActPPNum"	"ActPPVal"	"ActPPNum>= 1"	"ActPPNum>= 1 (respondent has one or more personal pension schemes)"	TRUE	"If ActPPNum>= 1 (respondent has one or more personal pension schemes)"
"ActPPValb"	"ActPPVal"	"FALSE"	"ActPPVal = DK/RF, go to ActPPValb"	FALSE	"If ActPPVal = DK/RF, go to ActPPValb"
"ActPPNum"	"ActPPVal"	"FALSE"	"ActPPVal = response and ActPPNum>=3, go to ActPPValOt"	FALSE	"If ActPPVal = response and ActPPNum>=3, go to ActPPValOt"
"ActPPValOt"	"ActPPVal"	"FALSE"	"ActPPVal = response and ActPPNum>=3, go to ActPPValOt"	FALSE	"If ActPPVal = response and ActPPNum>=3, go to ActPPValOt"
"ActOutro"	"ActPPVal"	"FALSE"	"ActPPVal = response and ActPPNum = 1 or 2, go to ActOutro"	FALSE	"if ActPPVal = response and ActPPNum = 1 or 2, go to ActOutro"
"ActPPVal"	"ActPPValb"	"FALSE"	"ActPPVal = DK/RF (respondent does not know current value of their pension pot)"	FALSE	"If ActPPVal = DK/RF (respondent does not know current value of their pension pot)"
"ActPPNum"	"ActPPValb"	"FALSE"	"ActPPNum = 1, go to ActOutro"	FALSE	"If ActPPNum = 1, go to ActOutro"
"ActOutro"	"ActPPValb"	"FALSE"	"ActPPNum = 1, go to ActOutro"	FALSE	"If ActPPNum = 1, go to ActOutro"
"ActPPName"	"ActPPValb"	"FALSE"	"ActPPNum = 2, go to ActPPName"	FALSE	"If ActPPNum = 2, go to ActPPName"
"ActPPValOt"	"ActPPValb"	"FALSE"	"ActPPNum>=3, go to ActPPValOt"	FALSE	"If ActPPNum>=3, go to ActPPValOt"
"ActPPNum"	"ActPPValOt"	"ActPPNum > 2"	"ActPPNum > 2 (respondent has one or more personal pension schemes)"	TRUE	"If ActPPNum > 2 (respondent has one or more personal pension schemes)"
"ActOutro"	"ActPPValOt"	"FALSE"	"ActPPValOt = response, go to ActOutro"	FALSE	"If ActPPValOt = response, go to ActOutro"
"ActPPValbOt"	"ActPPValOt"	"FALSE"	"ActPPValOt = DK/RF, go to ActPPValbOt"	FALSE	"If ActPPValOt = DK/RF, go to ActPPValbOt"
"ActPPValOt"	"ActPPValbOt"	"FALSE"	"ActPPValOt = DK/RF (respondent does not know current value of their remaining pension pots)"	FALSE	"If ActPPValOt = DK/RF (respondent does not know current value of their remaining pension pots)"
"SBPUn"	"ActOutro"	"FALSE"	"switchboard SBPUn = 1 go to PUnIntro (Preserved untouched section)"	FALSE	"If switchboard SBPUn = 1 go to PUnIntro (Preserved untouched section)"
"PUnIntro"	"ActOutro"	"FALSE"	"switchboard SBPUn = 1 go to PUnIntro (Preserved untouched section)"	FALSE	"If switchboard SBPUn = 1 go to PUnIntro (Preserved untouched section)"
"SBPUn"	"PUnNum"	"FALSE"	"Switchboard SBPUn= 1 (Yes)"	FALSE	"If Switchboard SBPUn= 1 (Yes)"
"PUnPrev"	"PUnNmSc"	"FALSE"	"PUnPrev 1 to 6 PUnNmSc = (PUnPrev + PUnNum)"	FALSE	"If PUnPrev 1 to 6 PUnNmSc = (PUnPrev + PUnNum)"
"PUnNum"	"PUnNmSc"	"FALSE"	"PUnPrev 1 to 6 PUnNmSc = (PUnPrev + PUnNum)"	FALSE	"If PUnPrev 1 to 6 PUnNmSc = (PUnPrev + PUnNum)"
"PUnNmSc"	"PUnHigh"	"PUnNmSc >4"	"PUnNmSc >4"	TRUE	"If PUnNmSc >4"
"PUnPrev"	"PunRot"	"FALSE"	"PUnPrev = RESPONSE AND NOT(None IN PUnPrev) AND PUnNum > 0 AND PUnHigh = EMPTY"	FALSE	"IF PUnPrev = RESPONSE AND NOT(None IN PUnPrev) AND PUnNum > 0 AND PUnHigh = EMPTY"
"PUnNum"	"PunRot"	"FALSE"	"PUnPrev = RESPONSE AND NOT(None IN PUnPrev) AND PUnNum > 0 AND PUnHigh = EMPTY"	FALSE	"IF PUnPrev = RESPONSE AND NOT(None IN PUnPrev) AND PUnNum > 0 AND PUnHigh = EMPTY"
"PUnHigh"	"PunRot"	"FALSE"	"PUnPrev = RESPONSE AND NOT(None IN PUnPrev) AND PUnNum > 0 AND PUnHigh = EMPTY"	FALSE	"IF PUnPrev = RESPONSE AND NOT(None IN PUnPrev) AND PUnNum > 0 AND PUnHigh = EMPTY"
"PUnNmSc"	"PUnName"	"PUnNmSc >= 1"	"PUnNmSc >= 1 (for each past scheme)"	TRUE	"If PUnNmSc >= 1 (for each past scheme)"
"PUnNmSc"	"PUnYrStop"	"PUnNmSc >= 1"	"PUnNmSc >= 1 (for each past scheme)"	TRUE	"If PUnNmSc >= 1 (for each past scheme)"
"PUnNmSc"	"PUnTyp"	"PUnNmSc >= 1"	"PUnNmSc >= 1 (for each past scheme)"	TRUE	"If PUnNmSc >= 1 (for each past scheme)"
"PUnValb"	"PUnVal"	"FALSE"	"PUnVal = DK/RF then go to PUnValb"	FALSE	"If PUnVal = DK/RF then go to PUnValb"
"PUnYrSt"	"PUnVal"	"FALSE"	"PUnVal = answer AND PUnEPTyp1 = 3 go to PUnYrSt"	FALSE	"If PUnVal = answer AND PUnEPTyp1 = 3 go to PUnYrSt"
"PUnAge"	"PUnVal"	"FALSE"	"PUnVal = answer AND PUnEPTyp1 = 1 go to PUnAge"	FALSE	"If PUnVal = answer AND PUnEPTyp1 = 1 go to PUnAge"
"PUnEPTyp"	"PUnYrSt"	"FALSE"	"PUnEPTyp = 2,3 (respondent is not receiving a pension from the scheme at the moment, and either type of pension is workplace or pension is a second type defined benefit or hybrid or scheme)"	FALSE	"If PUnEPTyp = 2,3 (respondent is not receiving a pension from the scheme at the moment, and either type of pension is workplace or pension is a second type defined benefit or hybrid or scheme)"
"PUnEPTyp"	"PUnInc"	"FALSE"	"PUnEPTyp = 2,3 (pension is a Second type defined benefit or hybrid scheme and they are not receiving a pension from the scheme at the moment)"	FALSE	"If PUnEPTyp = 2,3 (pension is a Second type defined benefit or hybrid scheme and they are not receiving a pension from the scheme at the moment)"
"PUnAge"	"PUnInc"	"FALSE"	"PUnInc = answer go to PUnAge"	FALSE	"If PUnInc = answer go to PUnAge"
"PUnIncb"	"PUnInc"	"FALSE"	"PUnInc = DK/RF go to PUnIncb"	FALSE	"If PUnInc = DK/RF go to PUnIncb"
"PUnInc"	"PUnIncb"	"FALSE"	"PUnInc = DK/RF"	FALSE	"If PUnInc = DK/RF"
"PUnNmSc"	"PUnAge"	"PUnNmSc >= 1"	"PUnNmSc >= 1 (for each past scheme)"	TRUE	"If PUnNmSc >= 1 (for each past scheme)"
"PUnNmSc"	"PUnAge"	"FALSE"	"no more loops (PUnNmSc=1) then PUnOutro"	FALSE	"If no more loops (PUnNmSc=1) then PUnOutro"
"PUnOutro"	"PUnAge"	"FALSE"	"no more loops (PUnNmSc=1) then PUnOutro"	FALSE	"If no more loops (PUnNmSc=1) then PUnOutro"
"PUnName"	"PUnAge"	"FALSE"	"need more loops (PUnNmSc=2 or more) then go to PUnName"	FALSE	"If need more loops (PUnNmSc=2 or more) then go to PUnName"
"SBPinPNow"	"PinPIntro"	"FALSE"	"Switchboard (SBPinPNow = 1 OR SBPinPPast) =1 - respondent is receiving or has received any pension payments"	FALSE	"If Switchboard (SBPinPNow = 1 OR SBPinPPast) =1 - respondent is receiving or has received any pension payments"
"SBPinPPast"	"PinPIntro"	"FALSE"	"Switchboard (SBPinPNow = 1 OR SBPinPPast) =1 - respondent is receiving or has received any pension payments"	FALSE	"If Switchboard (SBPinPNow = 1 OR SBPinPPast) =1 - respondent is receiving or has received any pension payments"
"SBPinPNow"	"PinPNum"	"FALSE"	"Switchboard (SBPinPNow = 1 OR SBPinPPast) =1 (respondent is receiving or has received any pension payments)"	FALSE	"If Switchboard (SBPinPNow = 1 OR SBPinPPast) =1 (respondent is receiving or has received any pension payments)"
"SBPinPPast"	"PinPNum"	"FALSE"	"Switchboard (SBPinPNow = 1 OR SBPinPPast) =1 (respondent is receiving or has received any pension payments)"	FALSE	"If Switchboard (SBPinPNow = 1 OR SBPinPPast) =1 (respondent is receiving or has received any pension payments)"
"SBPinPNow"	"PinPWho"	"FALSE"	"Switchboard (SBPinPNow = 1 OR SBPinPPast) =1 (respondent is receiving or has received any pension payments)"	FALSE	"If Switchboard (SBPinPNow = 1 OR SBPinPPast) =1 (respondent is receiving or has received any pension payments)"
"SBPinPPast"	"PinPWho"	"FALSE"	"Switchboard (SBPinPNow = 1 OR SBPinPPast) =1 (respondent is receiving or has received any pension payments)"	FALSE	"If Switchboard (SBPinPNow = 1 OR SBPinPPast) =1 (respondent is receiving or has received any pension payments)"
"PinPNum"	"PinPWho"	"FALSE"	"PinPNum <= 6 go to PinPName"	FALSE	"If PinPNum <= 6 go to PinPName"
"PinPName"	"PinPWho"	"FALSE"	"PinPNum <= 6 go to PinPName"	FALSE	"If PinPNum <= 6 go to PinPName"
"PinPQHigh"	"PinPWho"	"FALSE"	"PinPNum > 6 go to PinPQHigh"	FALSE	"If PinPNum > 6 go to PinPQHigh"
"PinPNum"	"PinPQHigh"	"PinPNum > 6"	"PinPNum > 6"	TRUE	"If PinPNum > 6"
"PinPWho"	"PinPQHigh"	"FALSE"	"PinPWho = 1,2 go to PinPTyp"	FALSE	"If PinPWho = 1,2 go to PinPTyp"
"PinPTyp"	"PinPQHigh"	"FALSE"	"PinPWho = 1,2 go to PinPTyp"	FALSE	"If PinPWho = 1,2 go to PinPTyp"
"PinPOwSp"	"PinPQHigh"	"FALSE"	"PinPWho = 3 go to PinPOwSp"	FALSE	"If PinPWho = 3 go to PinPOwSp"
"PinPNum"	"PinPName"	"PinPNum >= 1"	"PinPNum >= 1"	TRUE	"If PinPNum >= 1"
"PinPWho"	"PinPName"	"FALSE"	"PinPWho = 1,2 go to PinPTyp"	FALSE	"If PinPWho = 1,2 go to PinPTyp"
"PinPTyp"	"PinPName"	"FALSE"	"PinPWho = 1,2 go to PinPTyp"	FALSE	"If PinPWho = 1,2 go to PinPTyp"
"PinPOwSp"	"PinPName"	"FALSE"	"PinPWho = 3 go to PinPOwSp"	FALSE	"If PinPWho = 3 go to PinPOwSp"
"PinPWho"	"PinPOwSp"	"PinPWho == 3"	"PinPWho = 3 (If respondent has both own and spouse pension)"	TRUE	"If PinPWho = 3 (If respondent has both own and spouse pension)"
"PinPNum"	"PinPTyp"	"PinPNum >=1"	"PinPNum >=1 (For each past scheme)"	TRUE	"If PinPNum >=1 (For each past scheme)"
"PinPEPSec"	"PinPTyp"	"FALSE"	"PinPTyp = 1 go to PinPEPSec"	FALSE	"If PinPTyp = 1 go to PinPEPSec"
"PinPReg"	"PinPTyp"	"FALSE"	"PinPTyp = 2 go to PinPReg"	FALSE	"If PinPTyp = 2 go to PinPReg"
"PinPTyp"	"PinPEPSec"	"PinPTyp == 1"	"PinPTyp = 1 (employer pension)"	TRUE	"If PinPTyp = 1 (employer pension)"
"PinPTyp"	"PinPEPTyp"	"PinPTyp == 1"	"PinPTyp = 1 (respondent has an employer pension scheme from their own or spouse employer)"	TRUE	"If PinPTyp = 1 (respondent has an employer pension scheme from their own or spouse employer)"
"PinPNum"	"PinPReg"	"PinPNum >= 1"	"PinPNum >= 1"	TRUE	"If PinPNum >= 1"
"PinPEPTyp"	"PinPReg"	"FALSE"	"PinPReg =1 AND (PinPEPTyp = 1 OR PinPEPTyp = 3 OR PinPTyp = 2) and (PinPWho <> 2 and PinPOwSp <> 2) go to PinPHow"	FALSE	"If PinPReg =1 AND (PinPEPTyp = 1 OR PinPEPTyp = 3 OR PinPTyp = 2) and (PinPWho <> 2 and PinPOwSp <> 2) go to PinPHow"
"PinPTyp"	"PinPReg"	"FALSE"	"PinPReg =1 AND (PinPEPTyp = 1 OR PinPEPTyp = 3 OR PinPTyp = 2) and (PinPWho <> 2 and PinPOwSp <> 2) go to PinPHow"	FALSE	"If PinPReg =1 AND (PinPEPTyp = 1 OR PinPEPTyp = 3 OR PinPTyp = 2) and (PinPWho <> 2 and PinPOwSp <> 2) go to PinPHow"
"PinPWho"	"PinPReg"	"FALSE"	"PinPReg =1 AND (PinPEPTyp = 1 OR PinPEPTyp = 3 OR PinPTyp = 2) and (PinPWho <> 2 and PinPOwSp <> 2) go to PinPHow"	FALSE	"If PinPReg =1 AND (PinPEPTyp = 1 OR PinPEPTyp = 3 OR PinPTyp = 2) and (PinPWho <> 2 and PinPOwSp <> 2) go to PinPHow"
"PinPOwSp"	"PinPReg"	"FALSE"	"PinPReg =1 AND (PinPEPTyp = 1 OR PinPEPTyp = 3 OR PinPTyp = 2) and (PinPWho <> 2 and PinPOwSp <> 2) go to PinPHow"	FALSE	"If PinPReg =1 AND (PinPEPTyp = 1 OR PinPEPTyp = 3 OR PinPTyp = 2) and (PinPWho <> 2 and PinPOwSp <> 2) go to PinPHow"
"PinPHow"	"PinPReg"	"FALSE"	"PinPReg =1 AND (PinPEPTyp = 1 OR PinPEPTyp = 3 OR PinPTyp = 2) and (PinPWho <> 2 and PinPOwSp <> 2) go to PinPHow"	FALSE	"If PinPReg =1 AND (PinPEPTyp = 1 OR PinPEPTyp = 3 OR PinPTyp = 2) and (PinPWho <> 2 and PinPOwSp <> 2) go to PinPHow"
"PInPAgeStop"	"PinPReg"	"FALSE"	"PinPReg =1 AND (PinPEPTyp = 2 OR PinPEPTyp = 4 or PinPWho = 2 or PinPOwSp = 2 go to PinPAgeStop"	FALSE	"If PinPReg =1 AND (PinPEPTyp = 2 OR PinPEPTyp = 4 or PinPWho = 2 or PinPOwSp = 2 go to PinPAgeStop"
"PinPNum"	"PInPAgeStop"	"PinPNum >= 1"	"PinPNum >= 1"	TRUE	"If PinPNum >= 1"
"PinPNum"	"PinPAgeRec"	"PinPNum >= 1"	"PinPNum >= 1"	TRUE	"If PinPNum >= 1"
"PinPReg"	"PinPAccVal"	"FALSE"	"PinPAccVal > 0 and PinPReg = 1 or 3 go to PinPAmt."	FALSE	"If PinPAccVal > 0 and PinPReg = 1 or 3 go to PinPAmt."
"PinPAmt"	"PinPAccVal"	"FALSE"	"PinPAccVal > 0 and PinPReg = 1 or 3 go to PinPAmt."	FALSE	"If PinPAccVal > 0 and PinPReg = 1 or 3 go to PinPAmt."
"PinPLumpNum"	"PinPAccVal"	"FALSE"	"PinPAccVal > 0 and PinPReg = 2 go to PinPLumpNum"	FALSE	"If PinPAccVal > 0 and PinPReg = 2 go to PinPLumpNum"
"PinPAccValB"	"PinPAccVal"	"FALSE"	"PinPAccVal = DK go to PinPAccValB"	FALSE	"If PinPAccVal = DK go to PinPAccValB"
"PinPAccVal"	"PinPAccValB"	"PinPAccVal == \"DK\""	"PinPAccVal = DK"	TRUE	"If PinPAccVal = DK"
"PinPReg"	"PinPAccValB"	"FALSE"	"PinPReg = 1 or 3 go to PinPAmt."	FALSE	"If PinPReg = 1 or 3 go to PinPAmt."
"PinPAmt"	"PinPAccValB"	"FALSE"	"PinPReg = 1 or 3 go to PinPAmt."	FALSE	"If PinPReg = 1 or 3 go to PinPAmt."
"PinPLumpNum"	"PinPAccValB"	"FALSE"	"PinPReg = 2 go to PinPLumpNum"	FALSE	"If PinPReg = 2 go to PinPLumpNum"
"PinPReg"	"PinPAmt"	"FALSE"	"PinPReg = 1,3 (respondent receives regular pension payment)"	FALSE	"If PinPReg = 1,3 (respondent receives regular pension payment)"
"PinPOutro"	"PinPAmt"	"FALSE"	"PinPAmt > 0 and PinPReg = 1 go to PinPOutro"	FALSE	"If PinPAmt > 0 and PinPReg = 1 go to PinPOutro"
"PinPLumpNum"	"PinPAmt"	"FALSE"	"PinPAmt > 0 and PinPReg = 3 go to PinPLumpNum"	FALSE	"If PinPAmt > 0 and PinPReg = 3 go to PinPLumpNum"
"PinPAmtB"	"PinPAmt"	"FALSE"	"PinPAmt = DK go to PinPAmtB"	FALSE	"If PinPAmt = DK go to PinPAmtB"
"PinPAmt"	"PinPAmtB"	"PinPAmt == \"DK\""	"PinPAmt = DK"	TRUE	"If PinPAmt = DK"
"PinPReg"	"PinPAmtB"	"FALSE"	"PinPReg = 1 go to PinPOutro"	FALSE	"If PinPReg = 1 go to PinPOutro"
"PinPOutro"	"PinPAmtB"	"FALSE"	"PinPReg = 1 go to PinPOutro"	FALSE	"If PinPReg = 1 go to PinPOutro"
"PinPLumpNum"	"PinPAmtB"	"FALSE"	"PinPReg = 3 go to PinPLumpNum"	FALSE	"If PinPReg = 3 go to PinPLumpNum"
"PinPReg"	"PinPLumpNum"	"FALSE"	"PinPReg = 2,3 (respondent has received a lump sum)"	FALSE	"If PinPReg = 2,3 (respondent has received a lump sum)"
"PinPReg"	"PinPSumTot"	"FALSE"	"PinPReg = 2,3 (respondent has received a lump sum)"	FALSE	"If PinPReg = 2,3 (respondent has received a lump sum)"
"PinPSum2Yr"	"PinPSumTot"	"FALSE"	"PinPSumTot > 0 go to PinPSum2Yr"	FALSE	"If PinPSumTot > 0 go to PinPSum2Yr"
"PinPSumTotB"	"PinPSumTot"	"FALSE"	"PinPSumTot = DK go to PinPSumTotB"	FALSE	"If PinPSumTot = DK go to PinPSumTotB"
"PinPSumTot"	"PinPSumTotB"	"PinPSumTot == \"DK\""	"PinPSumTot = DK (total withdrawals are DK)"	TRUE	"If PinPSumTot = DK (total withdrawals are DK)"
"PinPReg"	"PinPSum2Yr"	"FALSE"	"PinPReg = 2,3 (respondent has received a lump sum)"	FALSE	"If PinPReg = 2,3 (respondent has received a lump sum)"
"PinPSumTax"	"PinPSum2Yr"	"FALSE"	"PinPSum2Yr >= 0 go to PinPSumTax"	FALSE	"If PinPSum2Yr >= 0 go to PinPSumTax"
"PinPSum2B"	"PinPSum2Yr"	"FALSE"	"PinPSum2Yr = DK go to PinPSum2B"	FALSE	"If PinPSum2Yr = DK go to PinPSum2B"
"PinPSum2Yr"	"PinPSum2B"	"PinPSum2Yr == \"DK\""	"PinPSum2Yr = DK (lump sum amount in last 2 years is DK)"	TRUE	"If PinPSum2Yr = DK (lump sum amount in last 2 years is DK)"
"PinPReg"	"PinPSumTax"	"FALSE"	"PinPReg = 2,3 (respondent has received a lump sum)"	FALSE	"If PinPReg = 2,3 (respondent has received a lump sum)"
"PinPEPTyp"	"PinPSumTax"	"FALSE"	"PinPEPTyp = 1 OR PinPEPTyp = 3 OR PinPTyp = 2 go to PinPLumpMost"	FALSE	"If PinPEPTyp = 1 OR PinPEPTyp = 3 OR PinPTyp = 2 go to PinPLumpMost"
"PinPTyp"	"PinPSumTax"	"FALSE"	"PinPEPTyp = 1 OR PinPEPTyp = 3 OR PinPTyp = 2 go to PinPLumpMost"	FALSE	"If PinPEPTyp = 1 OR PinPEPTyp = 3 OR PinPTyp = 2 go to PinPLumpMost"
"PinPLumpMost"	"PinPSumTax"	"FALSE"	"PinPEPTyp = 1 OR PinPEPTyp = 3 OR PinPTyp = 2 go to PinPLumpMost"	FALSE	"If PinPEPTyp = 1 OR PinPEPTyp = 3 OR PinPTyp = 2 go to PinPLumpMost"
"PinPDBInc"	"PinPSumTax"	"FALSE"	"PinPReg = 2 AND PinPEPTyp = 2 go to PinPDBInc"	FALSE	"If PinPReg = 2 AND PinPEPTyp = 2 go to PinPDBInc"
"PinPOutro"	"PinPSumTax"	"FALSE"	"PinPReg = 2 AND PinPEPtyp = 4 go to PinPOutro"	FALSE	"If PinPReg = 2 AND PinPEPtyp = 4 go to PinPOutro"
"PinPReg"	"PinPLumpMost"	"FALSE"	"PinPReg = 2,3 AND (PinPEPTyp = 1,3 ORPinPTyp = 2) – (respondent has taken a lump sum and pension is a first type defined contribution, hybrid or personal scheme)"	FALSE	"If PinPReg = 2,3 AND (PinPEPTyp = 1,3 ORPinPTyp = 2) – (respondent has taken a lump sum and pension is a first type defined contribution, hybrid or personal scheme)"
"PinPEPTyp"	"PinPLumpMost"	"FALSE"	"PinPReg = 2,3 AND (PinPEPTyp = 1,3 ORPinPTyp = 2) – (respondent has taken a lump sum and pension is a first type defined contribution, hybrid or personal scheme)"	FALSE	"If PinPReg = 2,3 AND (PinPEPTyp = 1,3 ORPinPTyp = 2) – (respondent has taken a lump sum and pension is a first type defined contribution, hybrid or personal scheme)"
"PinPHow"	"PinPLumpMost"	"FALSE"	"PinPReg = 2 OR PinPHow = 3,4 go to PinPRemVal"	FALSE	"If PinPReg = 2 OR PinPHow = 3,4 go to PinPRemVal"
"PinPRemVal"	"PinPLumpMost"	"FALSE"	"PinPReg = 2 OR PinPHow = 3,4 go to PinPRemVal"	FALSE	"If PinPReg = 2 OR PinPHow = 3,4 go to PinPRemVal"
"PinPOutro"	"PinPLumpMost"	"FALSE"	"PinPReg = 3 and PinPHow <> 3,4 go to PinPOutro"	FALSE	"If PinPReg = 3 and PinPHow <> 3,4 go to PinPOutro"
"PinPEPTyp"	"PinPRemVal"	"FALSE"	"PinPEPtyp = 3 AND PinPRemVal = 0 AND PinPReg = 2 go to PinPDBInc"	FALSE	"If PinPEPtyp = 3 AND PinPRemVal = 0 AND PinPReg = 2 go to PinPDBInc"
"PinPReg"	"PinPRemVal"	"FALSE"	"PinPEPtyp = 3 AND PinPRemVal = 0 AND PinPReg = 2 go to PinPDBInc"	FALSE	"If PinPEPtyp = 3 AND PinPRemVal = 0 AND PinPReg = 2 go to PinPDBInc"
"PinPDBInc"	"PinPRemVal"	"FALSE"	"PinPEPtyp = 3 AND PinPRemVal = 0 AND PinPReg = 2 go to PinPDBInc"	FALSE	"If PinPEPtyp = 3 AND PinPRemVal = 0 AND PinPReg = 2 go to PinPDBInc"
"PinPOutro"	"PinPRemVal"	"FALSE"	"PinPEptyp <> 3 AND PinPRemVal = 0 AND PinPReg = 3 go to PinPOutro"	FALSE	"If PinPEptyp <> 3 AND PinPRemVal = 0 AND PinPReg = 3 go to PinPOutro"
"PinPRemHow"	"PinPRemVal"	"FALSE"	"PinPRemVal > 0 and PinPReg = 2 go to PinPRemHow"	FALSE	"If PinPRemVal > 0 and PinPReg = 2 go to PinPRemHow"
"PinPRemVB"	"PinPRemVal"	"FALSE"	"PinPRemVal = DK go to PinPRemVB"	FALSE	"If PinPRemVal = DK go to PinPRemVB"
"PinPRemVal"	"PinPRemVB"	"PinPRemVal == \"DK\""	"PinPRemVal = DK (respondent does not know the current value of the retained part of their pension)"	TRUE	"If PinPRemVal = DK (respondent does not know the current value of the retained part of their pension)"
"PinPReg"	"PinPRemVB"	"FALSE"	"PinPRemVB > 0 AND PinPReg = 2 go to PinPRemHow"	FALSE	"If PinPRemVB > 0 AND PinPReg = 2 go to PinPRemHow"
"PinPRemHow"	"PinPRemVB"	"FALSE"	"PinPRemVB > 0 AND PinPReg = 2 go to PinPRemHow"	FALSE	"If PinPRemVB > 0 AND PinPReg = 2 go to PinPRemHow"
"PinPOutro"	"PinPRemVB"	"FALSE"	"PinPRemVB > 0 AND PinPReg <> 2 go to PinPOutro"	FALSE	"If PinPRemVB > 0 AND PinPReg <> 2 go to PinPOutro"
"PinPEPTyp"	"PinPRemVB"	"FALSE"	"PinPEPtyp = 3 AND PinPRemVB = 0 AND PinPReg = 2 go to PinPDBInc"	FALSE	"If PinPEPtyp = 3 AND PinPRemVB = 0 AND PinPReg = 2 go to PinPDBInc"
"PinPDBInc"	"PinPRemVB"	"FALSE"	"PinPEPtyp = 3 AND PinPRemVB = 0 AND PinPReg = 2 go to PinPDBInc"	FALSE	"If PinPEPtyp = 3 AND PinPRemVB = 0 AND PinPReg = 2 go to PinPDBInc"
"PinPReg"	"PinPRemHow"	"FALSE"	"PinPReg = 2 AND (PinPEPTyp = 1,3 OR PinPTyp = 2) AND (PinPRemVal > 0 or PinPRemVB > 0) – (respondent has only taken a lump sum and pension is a first type defined contribution, hybrid or personal scheme and has money left in their pension pot)"	FALSE	"If PinPReg = 2 AND (PinPEPTyp = 1,3 OR PinPTyp = 2) AND (PinPRemVal > 0 or PinPRemVB > 0) – (respondent has only taken a lump sum and pension is a first type defined contribution, hybrid or personal scheme and has money left in their pension pot)"
"PinPEPTyp"	"PinPRemHow"	"FALSE"	"PinPReg = 2 AND (PinPEPTyp = 1,3 OR PinPTyp = 2) AND (PinPRemVal > 0 or PinPRemVB > 0) – (respondent has only taken a lump sum and pension is a first type defined contribution, hybrid or personal scheme and has money left in their pension pot)"	FALSE	"If PinPReg = 2 AND (PinPEPTyp = 1,3 OR PinPTyp = 2) AND (PinPRemVal > 0 or PinPRemVB > 0) – (respondent has only taken a lump sum and pension is a first type defined contribution, hybrid or personal scheme and has money left in their pension pot)"
"PinPTyp"	"PinPRemHow"	"FALSE"	"PinPReg = 2 AND (PinPEPTyp = 1,3 OR PinPTyp = 2) AND (PinPRemVal > 0 or PinPRemVB > 0) – (respondent has only taken a lump sum and pension is a first type defined contribution, hybrid or personal scheme and has money left in their pension pot)"	FALSE	"If PinPReg = 2 AND (PinPEPTyp = 1,3 OR PinPTyp = 2) AND (PinPRemVal > 0 or PinPRemVB > 0) – (respondent has only taken a lump sum and pension is a first type defined contribution, hybrid or personal scheme and has money left in their pension pot)"
"PinPRemVal"	"PinPRemHow"	"FALSE"	"PinPReg = 2 AND (PinPEPTyp = 1,3 OR PinPTyp = 2) AND (PinPRemVal > 0 or PinPRemVB > 0) – (respondent has only taken a lump sum and pension is a first type defined contribution, hybrid or personal scheme and has money left in their pension pot)"	FALSE	"If PinPReg = 2 AND (PinPEPTyp = 1,3 OR PinPTyp = 2) AND (PinPRemVal > 0 or PinPRemVB > 0) – (respondent has only taken a lump sum and pension is a first type defined contribution, hybrid or personal scheme and has money left in their pension pot)"
"PinPRemVB"	"PinPRemHow"	"FALSE"	"PinPReg = 2 AND (PinPEPTyp = 1,3 OR PinPTyp = 2) AND (PinPRemVal > 0 or PinPRemVB > 0) – (respondent has only taken a lump sum and pension is a first type defined contribution, hybrid or personal scheme and has money left in their pension pot)"	FALSE	"If PinPReg = 2 AND (PinPEPTyp = 1,3 OR PinPTyp = 2) AND (PinPRemVal > 0 or PinPRemVB > 0) – (respondent has only taken a lump sum and pension is a first type defined contribution, hybrid or personal scheme and has money left in their pension pot)"
"PinPDBInc"	"PinPRemHow"	"FALSE"	"PinPEPtyp = 3 and PinPRemHow = 1, 2 or 3 go to PinPDBInc"	FALSE	"If PinPEPtyp = 3 and PinPRemHow = 1, 2 or 3 go to PinPDBInc"
"PinPOutro"	"PinPRemHow"	"FALSE"	"PinPEPTyp <> 3 and PinPRemHow = 1,2 or 3 go to PinPOutro"	FALSE	"If PinPEPTyp <> 3 and PinPRemHow = 1,2 or 3 go to PinPOutro"
"PinPHowOth"	"PinPRemHow"	"FALSE"	"PinPRemHow = 4 go to PinPHowOth"	FALSE	"If PinPRemHow = 4 go to PinPHowOth"
"PinPRemHow"	"PinPHowOth"	"PinPRemHow == 4"	"PinPRemHow = 4 (respondent intends to use their remaining pension pot another way)"	TRUE	"If PinPRemHow = 4 (respondent intends to use their remaining pension pot another way)"
"PinPEPTyp"	"PinPHowOth"	"FALSE"	"PinPEPTyp = 3 go to PinPDBINc"	FALSE	"If PinPEPTyp = 3 go to PinPDBINc"
"PinPDBInc"	"PinPHowOth"	"FALSE"	"PinPEPTyp = 3 go to PinPDBINc"	FALSE	"If PinPEPTyp = 3 go to PinPDBINc"
"PinPOutro"	"PinPHowOth"	"FALSE"	"PinPEPtyp <> 3 go to PinPOutro"	FALSE	"If PinPEPtyp <> 3 go to PinPOutro"
"PinPReg"	"PinPDBInc"	"FALSE"	"PinPReg = 2 AND PinPEPTyp = 2,3 (respondent has a retained DB or hybrid pension that they have withdrawn some money from but not regular income)"	FALSE	"If PinPReg = 2 AND PinPEPTyp = 2,3 (respondent has a retained DB or hybrid pension that they have withdrawn some money from but not regular income)"
"PinPEPTyp"	"PinPDBInc"	"FALSE"	"PinPReg = 2 AND PinPEPTyp = 2,3 (respondent has a retained DB or hybrid pension that they have withdrawn some money from but not regular income)"	FALSE	"If PinPReg = 2 AND PinPEPTyp = 2,3 (respondent has a retained DB or hybrid pension that they have withdrawn some money from but not regular income)"
"PinPDBIncB"	"PinPDBInc"	"FALSE"	"PinPDBInc = DK go to PinPDBIncB"	FALSE	"If PinPDBInc = DK go to PinPDBIncB"
"PinPDBInc"	"PinPDBIncB"	"PinPDBInc == \"DK\""	"PinPDBInc = DK (respondent does not know expected income)"	TRUE	"If PinPDBInc = DK (respondent does not know expected income)"
"PinPReg"	"PinPDBAge"	"FALSE"	"PinPReg = 2 AND PinPEPTyp = 2,3 (respondent has a retained DB or hybrid pension that they have withdrawn some money from but not regular income)"	FALSE	"If PinPReg = 2 AND PinPEPTyp = 2,3 (respondent has a retained DB or hybrid pension that they have withdrawn some money from but not regular income)"
"PinPEPTyp"	"PinPDBAge"	"FALSE"	"PinPReg = 2 AND PinPEPTyp = 2,3 (respondent has a retained DB or hybrid pension that they have withdrawn some money from but not regular income)"	FALSE	"If PinPReg = 2 AND PinPEPTyp = 2,3 (respondent has a retained DB or hybrid pension that they have withdrawn some money from but not regular income)"
"PinPReg"	"PinPDBYrs"	"FALSE"	"PinPReg = 2 AND PinPEPTyp = 2,3 (respondent has a retained DB or hybrid pension that they have withdrawn some money from but not regular income)"	FALSE	"If PinPReg = 2 AND PinPEPTyp = 2,3 (respondent has a retained DB or hybrid pension that they have withdrawn some money from but not regular income)"
"PinPEPTyp"	"PinPDBYrs"	"FALSE"	"PinPReg = 2 AND PinPEPTyp = 2,3 (respondent has a retained DB or hybrid pension that they have withdrawn some money from but not regular income)"	FALSE	"If PinPReg = 2 AND PinPEPTyp = 2,3 (respondent has a retained DB or hybrid pension that they have withdrawn some money from but not regular income)"
"PinPNum"	"PinPDBYrs"	"FALSE"	"PinPNum > 1 Go to PinPEnd"	FALSE	"If PinPNum > 1 Go to PinPEnd"
"PInPEnd"	"PinPDBYrs"	"FALSE"	"PinPNum > 1 Go to PinPEnd"	FALSE	"If PinPNum > 1 Go to PinPEnd"
"PinPOutro"	"PinPDBYrs"	"FALSE"	"PinPNum = 1 go to PinPOutro"	FALSE	"If PinPNum = 1 go to PinPOutro"
"PinPNum"	"PInPEnd"	"FALSE"	"PinPNum > 1 and LOOP number is less than PinPNum go to PinPName"	FALSE	"If PinPNum > 1 and LOOP number is less than PinPNum go to PinPName"
"PinPName"	"PInPEnd"	"FALSE"	"PinPNum > 1 and LOOP number is less than PinPNum go to PinPName"	FALSE	"If PinPNum > 1 and LOOP number is less than PinPNum go to PinPName"
"PinPOutro"	"PInPEnd"	"FALSE"	"PinPNum > 1 and LOOP number = PinPNum go to PinPOutro"	FALSE	"If PinPNum > 1 and LOOP number = PinPNum go to PinPOutro"
"SBPinPNow"	"PinPOutro"	"FALSE"	"Switchboard (SBPinPNow = 1 OR SBPinPPast) =1 - Ask all at the end of all questions/loops in the section"	FALSE	"If Switchboard (SBPinPNow = 1 OR SBPinPPast) =1 - Ask all at the end of all questions/loops in the section"
"SBPinPPast"	"PinPOutro"	"FALSE"	"Switchboard (SBPinPNow = 1 OR SBPinPPast) =1 - Ask all at the end of all questions/loops in the section"	FALSE	"If Switchboard (SBPinPNow = 1 OR SBPinPPast) =1 - Ask all at the end of all questions/loops in the section"
"SBPPa"	"PinPOutro"	"FALSE"	"switchboard SBPPa = 1 go to PPAIntro (Previous Spouse or Partner Pensions section)"	FALSE	"If switchboard SBPPa = 1 go to PPAIntro (Previous Spouse or Partner Pensions section)"
"PPaIntro"	"PinPOutro"	"FALSE"	"switchboard SBPPa = 1 go to PPAIntro (Previous Spouse or Partner Pensions section)"	FALSE	"If switchboard SBPPa = 1 go to PPAIntro (Previous Spouse or Partner Pensions section)"
"SBPPa"	"PPaIntro"	"FALSE"	"switchboard SBPPa = 1"	FALSE	"If switchboard SBPPa = 1"
"PPaIntro"	"PPaNum"	"PPaIntro == 1"	"PPaIntro = 1"	TRUE	"If PPaIntro = 1"
"PPaNum"	"PPaHigh"	"PPaNum >3"	"PPaNum >3"	TRUE	"If PPaNum >3"
"PPaNum"	"PPaPayTyp"	"PPaNum >0"	"PPaNum >0"	TRUE	"If PPaNum >0"
"PPaLuSAmt"	"PPaPayTyp"	"FALSE"	"PPaPayTyp = 1 go to PPaLuSAmt"	FALSE	"If PPaPayTyp = 1 go to PPaLuSAmt"
"PpaInc"	"PPaPayTyp"	"FALSE"	"PPaPayTyp = 2 go to PPaInc"	FALSE	"If PPaPayTyp = 2 go to PPaInc"
"PPaPayTyp"	"PPaLuSAmt"	"FALSE"	"PPaPayTyp=1,3"	FALSE	"If PPaPayTyp=1,3"
"PpaInc"	"PPaLuSAmt"	"FALSE"	"PPaLuSAmt > 0 AND PPaPayTyp = 3 go to PPaInc"	FALSE	"If PPaLuSAmt > 0 AND PPaPayTyp = 3 go to PPaInc"
"PPaAge"	"PPaLuSAmt"	"FALSE"	"PPaLuSAmt > 0 AND PPaPayTyp = 1 go to PPaAge"	FALSE	"If PPaLuSAmt > 0 AND PPaPayTyp = 1 go to PPaAge"
"PPaLuSb"	"PPaLuSAmt"	"FALSE"	"PPaLuSAmt = DK/RF go to PPaLuSb"	FALSE	"If PPaLuSAmt = DK/RF go to PPaLuSb"
"PPaPayTyp"	"PPaLuSb"	"FALSE"	"PPaPayTyp = 3 go to PpaInc"	FALSE	"If PPaPayTyp = 3 go to PpaInc"
"PpaInc"	"PPaLuSb"	"FALSE"	"PPaPayTyp = 3 go to PpaInc"	FALSE	"If PPaPayTyp = 3 go to PpaInc"
"PPaAge"	"PPaLuSb"	"FALSE"	"PpaPayTyp = 1 go to PpaAge"	FALSE	"If PpaPayTyp = 1 go to PpaAge"
"PPaPayTyp"	"PpaInc"	"FALSE"	"PpaPayTyp = 2,3"	FALSE	"If PpaPayTyp = 2,3"
"PPaIncF"	"PpaInc"	"FALSE"	"PpaInc > £0 go to PpaIncF"	FALSE	"If PpaInc > £0 go to PpaIncF"
"PPaIncb"	"PpaInc"	"FALSE"	"PpaInc = DK/RF go to PpaIncb"	FALSE	"If PpaInc = DK/RF go to PpaIncb"
"PPaAge"	"PPaIncF"	"FALSE"	"PPaIncF = 1,2,3 go to PPaAge"	FALSE	"If PPaIncF = 1,2,3 go to PPaAge"
"PPaIncF"	"PPaIncFOt"	"PPaIncF == 4"	"PPaIncF = 4 (respondent expects other frequency of paymnet)"	TRUE	"If PPaIncF = 4 (respondent expects other frequency of paymnet)"
"PPaNum"	"PPaAge"	"PPaNum >= 1"	"PPaNum >= 1"	TRUE	"If PPaNum >= 1"
"SBPPa"	"PPaOutro"	"FALSE"	"switchboard SBPPa = 1 - Ask all at the end of all questions/loops in the section"	FALSE	"If switchboard SBPPa = 1 - Ask all at the end of all questions/loops in the section"
"SBPinPNow"	"PNAdviceUsed"	"FALSE"	"SBPinPNow =1 OR SBPinPPast = 1"	FALSE	"If SBPinPNow =1 OR SBPinPPast = 1"
"SBPinPPast"	"PNAdviceUsed"	"FALSE"	"SBPinPNow =1 OR SBPinPPast = 1"	FALSE	"If SBPinPNow =1 OR SBPinPPast = 1"
"PNAdviceUsed"	"GovAdHow"	"PNAdviceUsed == 4"	"PNAdviceUsed = 4 (received advice from The Government financial guidance service)"	TRUE	"If PNAdviceUsed = 4 (received advice from The Government financial guidance service)"
"CaCTFPer"	"CaJISAPer"	"CaCTFPer == 2"	"CaCTFPer = 2 (does not have a child trust fund)"	TRUE	"If CaCTFPer = 2 (does not have a child trust fund)"
"CaCTFPer"	"CaCtVPer"	"FALSE"	"CaCTFPer = 1 OR CaJISAPer =1 (has child trust fund or has a junior ISA)"	FALSE	"If CaCTFPer = 1 OR CaJISAPer =1 (has child trust fund or has a junior ISA)"
"CaJISAPer"	"CaCtVPer"	"FALSE"	"CaCTFPer = 1 OR CaJISAPer =1 (has child trust fund or has a junior ISA)"	FALSE	"If CaCTFPer = 1 OR CaJISAPer =1 (has child trust fund or has a junior ISA)"
"CaCTFPer"	"FinvTyOut"	"FALSE"	"CaCTFPer = 1 OR CaJISAPer = 1 (has a child trust fund or Junior ISA)"	FALSE	"If CaCTFPer = 1 OR CaJISAPer = 1 (has a child trust fund or Junior ISA)"
"CaJISAPer"	"FinvTyOut"	"FALSE"	"CaCTFPer = 1 OR CaJISAPer = 1 (has a child trust fund or Junior ISA)"	FALSE	"If CaCTFPer = 1 OR CaJISAPer = 1 (has a child trust fund or Junior ISA)"
"DVage"	"CTFNewC"	"FALSE"	"DVAge> 18 AND DteOfBth >= 01/09/2002 AND Dteofbth <= 02/01/2011 (in the eligible age range)"	FALSE	"If DVAge> 18 AND DteOfBth >= 01/09/2002 AND Dteofbth <= 02/01/2011 (in the eligible age range)"
"DteofBth"	"CTFNewC"	"FALSE"	"DVAge> 18 AND DteOfBth >= 01/09/2002 AND Dteofbth <= 02/01/2011 (in the eligible age range)"	FALSE	"If DVAge> 18 AND DteOfBth >= 01/09/2002 AND Dteofbth <= 02/01/2011 (in the eligible age range)"
"CTFNewC"	"CTFPost18"	"CTFNewC ==1"	"CTFNewC =1 (had a child trust fund)"	TRUE	"If CTFNewC =1 (had a child trust fund)"
"CTFPost18"	"CTFPost18O"	"CTFPost18 == 20"	"CTFPost18 = 20 (Other)"	TRUE	"If CTFPost18 = 20 (Other)"
"FTypeInv"	"FInvTyO"	"FTypeInv == 6"	"FTypeInv = 6 (respondent has other financial assets not already mentioned above)"	TRUE	"If FTypeInv = 6 (respondent has other financial assets not already mentioned above)"
"FTypeAcc"	"FCAcShInt"	"FALSE"	"FTypeAcc = 1 AND (LivWth12 = 1 OR xMarSta = 2,6) - respondent has a current account AND in a couple with someone, spouse/partner in household"	FALSE	"If FTypeAcc = 1 AND (LivWth12 = 1 OR xMarSta = 2,6) - respondent has a current account AND in a couple with someone, spouse/partner in household"
"LivWth12"	"FCAcShInt"	"FALSE"	"FTypeAcc = 1 AND (LivWth12 = 1 OR xMarSta = 2,6) - respondent has a current account AND in a couple with someone, spouse/partner in household"	FALSE	"If FTypeAcc = 1 AND (LivWth12 = 1 OR xMarSta = 2,6) - respondent has a current account AND in a couple with someone, spouse/partner in household"
"xMarSta"	"FCAcShInt"	"FALSE"	"FTypeAcc = 1 AND (LivWth12 = 1 OR xMarSta = 2,6) - respondent has a current account AND in a couple with someone, spouse/partner in household"	FALSE	"If FTypeAcc = 1 AND (LivWth12 = 1 OR xMarSta = 2,6) - respondent has a current account AND in a couple with someone, spouse/partner in household"
"FCAcShInt"	"FCAcSh"	"FCacShInt == 1"	"FCacShInt = 1 - respondent says that they hold current accounts jointly with partner"	TRUE	"If FCacShInt = 1 - respondent says that they hold current accounts jointly with partner"
"FCAcSh"	"FCNumSh"	"FALSE"	"FCAcSh = 1,2 - all or some accounts held jointly"	FALSE	"If FCAcSh = 1,2 - all or some accounts held jointly"
"FTypeAcc"	"FCNumIn"	"FALSE"	"FTypeAcc = 1 AND FCAcSh <> 1 (respondent has a current account in their name only)"	FALSE	"If FTypeAcc = 1 AND FCAcSh <> 1 (respondent has a current account in their name only)"
"FCAcSh"	"FCNumIn"	"FALSE"	"FTypeAcc = 1 AND FCAcSh <> 1 (respondent has a current account in their name only)"	FALSE	"If FTypeAcc = 1 AND FCAcSh <> 1 (respondent has a current account in their name only)"
"FCOvDSh"	"FCOvNSh"	"FALSE"	"FCOvDSh = 1 AND FCNumSh >1 - respondent has more than one joint current account and is overdrawn on any of their joint current accounts"	FALSE	"If FCOvDSh = 1 AND FCNumSh >1 - respondent has more than one joint current account and is overdrawn on any of their joint current accounts"
"FCNumSh"	"FCOvNSh"	"FALSE"	"FCOvDSh = 1 AND FCNumSh >1 - respondent has more than one joint current account and is overdrawn on any of their joint current accounts"	FALSE	"If FCOvDSh = 1 AND FCNumSh >1 - respondent has more than one joint current account and is overdrawn on any of their joint current accounts"
"FCOvNSh"	"DCOShV1"	"FCovNSh > 0"	"FCovNSh > 0"	TRUE	"If FCovNSh > 0"
"DCOShV1"	"DCOShVb1"	"FALSE"	"DCOShV1 = DK/RF"	FALSE	"If DCOShV1 = DK/RF"
"FCShVal"	"FCShVlb"	"FALSE"	"FCShVal = DK/RF"	FALSE	"If FCShVal = DK/RF"
"FCAcSh"	"FCOvDIn"	"FALSE"	"FCAcSh <> 1 AND FTypeAcc = 1"	FALSE	"If FCAcSh <> 1 AND FTypeAcc = 1"
"FTypeAcc"	"FCOvDIn"	"FALSE"	"FCAcSh <> 1 AND FTypeAcc = 1"	FALSE	"If FCAcSh <> 1 AND FTypeAcc = 1"
"FCOvDIn"	"FCOvNIn"	"FALSE"	"FCOvDIn = 1 AND FCNumIn > 1"	FALSE	"If FCOvDIn = 1 AND FCNumIn > 1"
"FCNumIn"	"FCOvNIn"	"FALSE"	"FCOvDIn = 1 AND FCNumIn > 1"	FALSE	"If FCOvDIn = 1 AND FCNumIn > 1"
"FCOvDIn"	"DCOInV1"	"FALSE"	"FCOvDIn =1 AND FCOvNin >= 1"	FALSE	"If FCOvDIn =1 AND FCOvNin >= 1"
"FCOvNIn"	"DCOInV1"	"FALSE"	"FCOvDIn =1 AND FCOvNin >= 1"	FALSE	"If FCOvDIn =1 AND FCOvNin >= 1"
"FCAcSh"	"FCInVal"	"FALSE"	"NOT (FCAcSh = 1) AND NOT (FCNumIn = FCOvNIn) AND NOT (FCOvDin = 1 AND FCNumIn = 1)"	FALSE	"If NOT (FCAcSh = 1) AND NOT (FCNumIn = FCOvNIn) AND NOT (FCOvDin = 1 AND FCNumIn = 1)"
"FCNumIn"	"FCInVal"	"FALSE"	"NOT (FCAcSh = 1) AND NOT (FCNumIn = FCOvNIn) AND NOT (FCOvDin = 1 AND FCNumIn = 1)"	FALSE	"If NOT (FCAcSh = 1) AND NOT (FCNumIn = FCOvNIn) AND NOT (FCOvDin = 1 AND FCNumIn = 1)"
"FCOvNIn"	"FCInVal"	"FALSE"	"NOT (FCAcSh = 1) AND NOT (FCNumIn = FCOvNIn) AND NOT (FCOvDin = 1 AND FCNumIn = 1)"	FALSE	"If NOT (FCAcSh = 1) AND NOT (FCNumIn = FCOvNIn) AND NOT (FCOvDin = 1 AND FCNumIn = 1)"
"FCOvDIn"	"FCInVal"	"FALSE"	"NOT (FCAcSh = 1) AND NOT (FCNumIn = FCOvNIn) AND NOT (FCOvDin = 1 AND FCNumIn = 1)"	FALSE	"If NOT (FCAcSh = 1) AND NOT (FCNumIn = FCOvNIn) AND NOT (FCOvDin = 1 AND FCNumIn = 1)"
"FCInVal"	"FCInVlb"	"FALSE"	"FCInVal = DK/RF"	FALSE	"If FCInVal = DK/RF"
"FTypeAcc"	"FSAcShInt"	"FALSE"	"FTypeAcc = 2 AND (LivWth12 = 1 OR xMarSta = 2,6) - (respondent has savings or deposit account AND is living as a couple with someone, spouse/partner in household"	FALSE	"If FTypeAcc = 2 AND (LivWth12 = 1 OR xMarSta = 2,6) - (respondent has savings or deposit account AND is living as a couple with someone, spouse/partner in household"
"LivWth12"	"FSAcShInt"	"FALSE"	"FTypeAcc = 2 AND (LivWth12 = 1 OR xMarSta = 2,6) - (respondent has savings or deposit account AND is living as a couple with someone, spouse/partner in household"	FALSE	"If FTypeAcc = 2 AND (LivWth12 = 1 OR xMarSta = 2,6) - (respondent has savings or deposit account AND is living as a couple with someone, spouse/partner in household"
"xMarSta"	"FSAcShInt"	"FALSE"	"FTypeAcc = 2 AND (LivWth12 = 1 OR xMarSta = 2,6) - (respondent has savings or deposit account AND is living as a couple with someone, spouse/partner in household"	FALSE	"If FTypeAcc = 2 AND (LivWth12 = 1 OR xMarSta = 2,6) - (respondent has savings or deposit account AND is living as a couple with someone, spouse/partner in household"
"FSAcSh"	"FSNumSh"	"FALSE"	"FSAcSh = 1,2"	FALSE	"If FSAcSh = 1,2"
"FSAcSh"	"FSNumIn"	"FALSE"	"FSacSh <> 1 AND FTypeAcc = 2"	FALSE	"If FSacSh <> 1 AND FTypeAcc = 2"
"FTypeAcc"	"FSNumIn"	"FALSE"	"FSacSh <> 1 AND FTypeAcc = 2"	FALSE	"If FSacSh <> 1 AND FTypeAcc = 2"
"FTypeAcc"	"FSTypSh"	"FALSE"	"FTypeAcc = 2 AND FSAcSh = 1,2 AND FSSuppr <> 1"	FALSE	"If FTypeAcc = 2 AND FSAcSh = 1,2 AND FSSuppr <> 1"
"FSAcSh"	"FSTypSh"	"FALSE"	"FTypeAcc = 2 AND FSAcSh = 1,2 AND FSSuppr <> 1"	FALSE	"If FTypeAcc = 2 AND FSAcSh = 1,2 AND FSSuppr <> 1"
"FTypeAcc"	"FSTypIn"	"FALSE"	"FTypeAcc = 2 AND FSAcSh <> 1"	FALSE	"If FTypeAcc = 2 AND FSAcSh <> 1"
"FSAcSh"	"FSTypIn"	"FALSE"	"FTypeAcc = 2 AND FSAcSh <> 1"	FALSE	"If FTypeAcc = 2 AND FSAcSh <> 1"
"FSTypIn"	"FSTypOt"	"FSTypIn == 5"	"FSTypIn = 5"	TRUE	"If FSTypIn = 5"
"FTypeAcc"	"FSShVal"	"FALSE"	"FTypeAcc = 2 AND FSSuppr <> 1)AND (FSAcSh = 1 OR FSAcSh = 2)"	FALSE	"If FTypeAcc = 2 AND FSSuppr <> 1)AND (FSAcSh = 1 OR FSAcSh = 2)"
"FSAcSh"	"FSShVal"	"FALSE"	"FTypeAcc = 2 AND FSSuppr <> 1)AND (FSAcSh = 1 OR FSAcSh = 2)"	FALSE	"If FTypeAcc = 2 AND FSSuppr <> 1)AND (FSAcSh = 1 OR FSAcSh = 2)"
"FSShVal"	"FSShVlb"	"FALSE"	"FSShVal = DK/RF"	FALSE	"If FSShVal = DK/RF"
"FTypeAcc"	"FSInVal"	"FALSE"	"FTypeAcc = 2 AND FSAcSh <> 1"	FALSE	"If FTypeAcc = 2 AND FSAcSh <> 1"
"FSAcSh"	"FSInVal"	"FALSE"	"FTypeAcc = 2 AND FSAcSh <> 1"	FALSE	"If FTypeAcc = 2 AND FSAcSh <> 1"
"FSInVal"	"FSInVlb"	"FALSE"	"FSInVal = DK/RF"	FALSE	"If FSInVal = DK/RF"
"FTypeAcc"	"FSOsHav"	"FTypeAcc == 2"	"FTypeAcc = 2"	TRUE	"If FTypeAcc = 2"
"FSOsHav"	"FSOsVlb"	"FSOsHav == 1"	"FSOsHav = 1"	TRUE	"If FSOsHav = 1"
"FTypeAcc"	"ISAs"	"FTypeAcc == 3"	"FTypeAcc = 3 (respondent has an ISA)"	TRUE	"If FTypeAcc = 3 (respondent has an ISA)"
"FCISAv"	"FCISAb"	"FALSE"	"FCISAv = DK/RF"	FALSE	"If FCISAv = DK/RF"
"FIISAv"	"FIISAb"	"FALSE"	"FIISAv = DK/RF"	FALSE	"If FIISAv = DK/RF"
"FKISAv"	"FKISAb"	"FALSE"	"FKISAv = DK/RF"	FALSE	"If FKISAv = DK/RF"
"FTypeInv"	"FNSavTyp"	"FTypeInv == 1"	"FTypeInv = 1"	TRUE	"If FTypeInv = 1"
"FTypeInv"	"FNSVal"	"FTypeInv == 1"	"FTypeInv = 1"	TRUE	"If FTypeInv = 1"
"FNSVal"	"FNSVb"	"FALSE"	"FNSVal = DK/RF"	FALSE	"If FNSVal = DK/RF"
"FTypeInv"	"FInvest"	"FTypeInv == 2"	"FTypeInv = 2 (respondent has investments such as stocks and shares)"	TRUE	"If FTypeInv = 2 (respondent has investments such as stocks and shares)"
"FInvest"	"FundTyp"	"FInvest == 1"	"FInvest = 1"	TRUE	"If FInvest = 1"
"FInvest"	"FundVal"	"FInvest == 1"	"FInvest = 1"	TRUE	"If FInvest = 1"
"FundVal"	"FundValb"	"FALSE"	"FundVal = DK/RF"	FALSE	"If FundVal = DK/RF"
"FInvest"	"ShareTyp"	"FInvest == 2"	"FInvest = 2"	TRUE	"If FInvest = 2"
"ShareTyp"	"FShUKV"	"ShareTyp == 1"	"ShareTyp = 1"	TRUE	"If ShareTyp = 1"
"FShUKV"	"FShUKVb"	"FALSE"	"FShUKV = DK/RF"	FALSE	"If FShUKV = DK/RF"
"ShareTyp"	"FShOSV"	"ShareTyp == 2"	"ShareTyp = 2"	TRUE	"If ShareTyp = 2"
"ShareTyp"	"FEShaV"	"Sharetyp == 3"	"Sharetyp = 3"	TRUE	"If Sharetyp = 3"
"FEShaV"	"FEShVb"	"FALSE"	"FEShaV = DK/RF"	FALSE	"If FEShaV = DK/RF"
"ShareTyp"	"FEOptV"	"ShareTyp == 4"	"ShareTyp = 4"	TRUE	"If ShareTyp = 4"
"FEOptV"	"FEOpVb"	"FALSE"	"FEOptV = DK/RF"	FALSE	"If FEOptV = DK/RF"
"FInvest"	"FGilts"	"FInvest == 3"	"FInvest = 3"	TRUE	"If FInvest = 3"
"FGilts"	"FGltUKV"	"FALSE"	"FGilts = 1, 3"	FALSE	"If FGilts = 1, 3"
"FGltUKV"	"FGUKVb"	"FALSE"	"FGltUKV = DK/RF"	FALSE	"If FGltUKV = DK/RF"
"FGilts"	"FGltFoV"	"FALSE"	"FGilts = 2,4"	FALSE	"If FGilts = 2,4"
"FGltFoV"	"FGFoVb"	"FALSE"	"FGltFoV = DK/RF"	FALSE	"If FGltFoV = DK/RF"
"FInvest"	"DKInvest"	"FInvest == 4"	"FInvest = 4"	TRUE	"If FInvest = 4"
"FTypeInv"	"FLProd"	"FTypeInv == 3"	"FTypeInv = 3"	TRUE	"If FTypeInv = 3"
"FLProd"	"FLfEnV"	"FLProd == 1"	"FLProd = 1"	TRUE	"If FLProd = 1"
"FLfEnV"	"FLfEnVb"	"FALSE"	"FLfEnV = DK/RF"	FALSE	"If FLfEnV = DK/RF"
"FLProd"	"FLfSiV"	"FLProd == 2"	"FLProd = 2"	TRUE	"If FLProd = 2"
"FLfSiV"	"FLfSiVb"	"FALSE"	"FLfSiV = DK/RF"	FALSE	"If FLfSiV = DK/RF"
"FLProd"	"FLfFSV"	"FLProd == 3"	"FLProd = 3"	TRUE	"If FLProd = 3"
"FLfFSV"	"FLfFSVb"	"FALSE"	"FLfFSV = DK/RF"	FALSE	"If FLfFSV = DK/RF"
"FLProd"	"FLfTeV"	"FLProd == 4"	"FLProd = 4"	TRUE	"If FLProd = 4"
"FLfTeV"	"FLfTeVb"	"FALSE"	"FLfTeV = DK/RF"	FALSE	"If FLfTeV = DK/RF"
"FTypeInv"	"CashTyp"	"FTypeInv == 4"	"FTypeInv = 4"	TRUE	"If FTypeInv = 4"
"CashTyp"	"CashVal"	"CashTyp == 1"	"CashTyp = 1"	TRUE	"If CashTyp = 1"
"CashVal"	"CashValB"	"FALSE"	"CashVal = DK/RF"	FALSE	"If CashVal = DK/RF"
"CashTyp"	"CurrVal"	"CashTyp == 2"	"CashTyp = 2"	TRUE	"If CashTyp = 2"
"CurrVal"	"CurrValB"	"FALSE"	"CurrVal = DK/RF"	FALSE	"If CurrVal = DK/RF"
"CashTyp"	"ECashVal"	"CashTyp == 3"	"CashTyp = 3"	TRUE	"If CashTyp = 3"
"ECashVal"	"ECashValB"	"FALSE"	"ECashVal = DK/RF"	FALSE	"If ECashVal = DK/RF"
"FTypeInv"	"CryptNum"	"FTypeInv == 5"	"FTypeInv = 5"	TRUE	"If FTypeInv = 5"
"FTypeInv"	"CryptVal"	"FTypeInv == 5"	"FTypeInv = 5"	TRUE	"If FTypeInv = 5"
"FTypeInv"	"CryptTime"	"FTypeInv == 5"	"FTypeInv = 5"	TRUE	"If FTypeInv = 5"
"FTypeInv"	"CryptRet"	"FTypeInv == 5"	"FTypeInv = 5"	TRUE	"If FTypeInv = 5"
"FTypeInv"	"FInvOtV"	"FTypeInv == 6"	"FTypeInv = 6"	TRUE	"If FTypeInv = 6"
"FInvOtV"	"FInvOVb"	"FALSE"	"FInvOtV = DK/RF"	FALSE	"If FInvOtV = DK/RF"
"FTypeAcc"	"FIncV"	"FALSE"	"FTypeAcc= 1,2,3 or FTypeInv = 1,2,3,4,5,6"	FALSE	"If FTypeAcc= 1,2,3 or FTypeInv = 1,2,3,4,5,6"
"FTypeInv"	"FIncV"	"FALSE"	"FTypeAcc= 1,2,3 or FTypeInv = 1,2,3,4,5,6"	FALSE	"If FTypeAcc= 1,2,3 or FTypeInv = 1,2,3,4,5,6"
"FIncV"	"FIncVb"	"FALSE"	"FIncV = DK/RF"	FALSE	"If FIncV = DK/RF"
"FInfLoan"	"FInfLV"	"FInfLoan == 2"	"FInfLoan = 2"	TRUE	"If FInfLoan = 2"
"FInfLV"	"FLoanVB"	"FALSE"	"FInfLV = DK/RF"	FALSE	"If FInfLV = DK/RF"
"FInfLoan"	"FInfV"	"FALSE"	"FInfLoan = 1, 3"	FALSE	"If FInfLoan = 1, 3"
"FInfV"	"FInfVB"	"FALSE"	"FInfV = DK/RF"	FALSE	"If FInfV = DK/RF"
"UProp"	"UPropO"	"UProp == 6"	"UProp = 6"	TRUE	"If UProp = 6"
"UProp"	"UNumHs"	"UProp == 1"	"UProp = 1"	TRUE	"If UProp = 1"
"UProp"	"UBuyLet"	"UProp == 2"	"UProp = 2"	TRUE	"If UProp = 2"
"UProp"	"UNumBd"	"UProp == 3"	"UProp = 3"	TRUE	"If UProp = 3"
"UProp"	"UNumLa"	"UProp == 4"	"UProp = 4"	TRUE	"If UProp = 4"
"UProp"	"UNumOv"	"UProp == 5"	"UProp = 5"	TRUE	"If UProp = 5"
"UProp"	"UNumRe"	"UProp == 6"	"UProp = 6"	TRUE	"If UProp = 6"
"UProp"	"UPrSh"	"FALSE"	"UProp = 1,3,4,5,6"	FALSE	"If UProp = 1,3,4,5,6"
"UProp"	"UBuyToL1"	"UProp == 2"	"UProp = 2"	TRUE	"If UProp = 2"
"UProp"	"UValS"	"FALSE"	"respondent owns second homes in the UK, including time-share and holiday homes If UProp = 1"	FALSE	"If respondent owns second homes in the UK, including time-share and holiday homes If UProp = 1"
"UValS"	"UValBS"	"FALSE"	"UValS = DK/RF"	FALSE	"If UValS = DK/RF"
"UProp"	"UDebtS"	"UProp == 1"	"UProp = 1"	TRUE	"If UProp = 1"
"UDebtS"	"UDebtBS"	"FALSE"	"UDebtS = DK/RF"	FALSE	"If UDebtS = DK/RF"
"UProp"	"UGdVBS"	"UProp == 1"	"UProp = 1"	TRUE	"If UProp = 1"
"UProp"	"UValL"	"UProp == 2"	"UProp = 2"	TRUE	"If UProp = 2"
"UValL"	"UValBL"	"FALSE"	"UValL = DK/RF"	FALSE	"If UValL = DK/RF"
"UProp"	"UDebtL"	"UProp == 2"	"UProp = 2"	TRUE	"If UProp = 2"
"UDebtL"	"UDebtBL"	"FALSE"	"UDebtL = DK/RF"	FALSE	"If UDebtL = DK/RF"
"UProp"	"UGdVBL"	"UProp == 2"	"UProp = 2"	TRUE	"If UProp = 2"
"UProp"	"UValO"	"UProp == 3"	"UProp = 3"	TRUE	"If UProp = 3"
"UValO"	"UValBO"	"FALSE"	"UValO = DK/RF"	FALSE	"If UValO = DK/RF"
"UProp"	"UDebtO"	"UProp == 3"	"UProp = 3"	TRUE	"If UProp = 3"
"UDebtO"	"UDebtBO"	"FALSE"	"UDebtO = DK/RF"	FALSE	"If UDebtO = DK/RF"
"UProp"	"UValLU"	"UProp == 4"	"UProp = 4"	TRUE	"If UProp = 4"
"UValLU"	"UValBLU"	"FALSE"	"UValLU = DK/RF"	FALSE	"If UValLU = DK/RF"
"UProp"	"UDebtLU"	"UProp == 4"	"UProp = 4"	TRUE	"If UProp = 4"
"UDebtLU"	"UDebtBLU"	"FALSE"	"UDebtLU = DK/RF"	FALSE	"If UDebtLU = DK/RF"
"UProp"	"UValOS"	"UProp == 5"	"UProp = 5"	TRUE	"If UProp = 5"
"UValOS"	"UValBOS"	"FALSE"	"UValOS = DK/RF"	FALSE	"If UValOS = DK/RF"
"UProp"	"UDebtOS"	"UProp == 5"	"UProp = 5"	TRUE	"If UProp = 5"
"UDebtOS"	"UDebtBOS"	"FALSE"	"UDebtOS = DK/RF"	FALSE	"If UDebtOS = DK/RF"
"UProp"	"UGdVBOS"	"UProp == 5"	"UProp = 5"	TRUE	"If UProp = 5"
"UProp"	"UValOR"	"UProp == 6"	"UProp = 6"	TRUE	"If UProp = 6"
"UValOR"	"UValBOR"	"FALSE"	"UValOR = DK/RF"	FALSE	"If UValOR = DK/RF"
"UProp"	"UDebtOR"	"UProp == 6"	"UProp = 6"	TRUE	"If UProp = 6"
"UDebtOR"	"UDebtBOR"	"FALSE"	"UDebtOR = DK/RF"	FALSE	"If UDebtOR = DK/RF"
"DCards"	"DNumber"	"DCards == 1"	"DCards = 1 (has credit or charge cards)"	TRUE	"If DCards = 1 (has credit or charge cards)"
"DNumber"	"DWhichCard1"	"DNumber >= 1"	"DNumber >= 1 (respondent currently has credit or charge cards or accounts)"	TRUE	"If DNumber >= 1 (respondent currently has credit or charge cards or accounts)"
"DNumber"	"DSituationN1"	"DNumber >= 1"	"DNumber >= 1 (respondent currently has credit or charge cards or accounts)"	TRUE	"If DNumber >= 1 (respondent currently has credit or charge cards or accounts)"
"DSituationN1"	"DPurchase1"	"DSituationN1 == 1"	"DSituationN1 = 1 (full balance was repaid at the latest bill)"	TRUE	"If DSituationN1 = 1 (full balance was repaid at the latest bill)"
"DSituationN1"	"DNam1"	"FALSE"	"DSituationN1 = 2,5,DK OR DPurchase = 1 (respondent has an amount still outstanding or account not their responsibility)"	FALSE	"If DSituationN1 = 2,5,DK OR DPurchase = 1 (respondent has an amount still outstanding or account not their responsibility)"
"DNam1"	"DAmount1"	"FALSE"	"DNam1 = 1 AND (DSituationN1 = 2 or DPurchase = 1) - Credit or Charge Card account is held in respondent’s name and has an outstanding balance"	FALSE	"If DNam1 = 1 AND (DSituationN1 = 2 or DPurchase = 1) - Credit or Charge Card account is held in respondent’s name and has an outstanding balance"
"DSituationN1"	"DAmount1"	"FALSE"	"DNam1 = 1 AND (DSituationN1 = 2 or DPurchase = 1) - Credit or Charge Card account is held in respondent’s name and has an outstanding balance"	FALSE	"If DNam1 = 1 AND (DSituationN1 = 2 or DPurchase = 1) - Credit or Charge Card account is held in respondent’s name and has an outstanding balance"
"DAmount1"	"DAmtBand1"	"DAmount1 == \"DK\""	"DAmount1 = DK"	TRUE	"If DAmount1 = DK"
"DPurchase1"	"DAmSince1"	"DPurchase1 == 1"	"DPurchase1 = 1 - Credit or Charge Card Account has been used for additional purchases since repayment"	TRUE	"If DPurchase1 = 1 - Credit or Charge Card Account has been used for additional purchases since repayment"
"DAmSince1"	"DAmSinBand1"	"DAmSince1 == \"DK\""	"DAmSince1 = DK - respondent does not know the amount outstanding"	TRUE	"If DAmSince1 = DK - respondent does not know the amount outstanding"
"DNam1"	"DAmtMth1"	"FALSE"	"DNam1 = 1 AND (DSituationN1 = 2 or DPurchase = 1) - Credit or Charge Card account is held in respondent’s name and has an outstanding balance"	FALSE	"If DNam1 = 1 AND (DSituationN1 = 2 or DPurchase = 1) - Credit or Charge Card account is held in respondent’s name and has an outstanding balance"
"DSituationN1"	"DAmtMth1"	"FALSE"	"DNam1 = 1 AND (DSituationN1 = 2 or DPurchase = 1) - Credit or Charge Card account is held in respondent’s name and has an outstanding balance"	FALSE	"If DNam1 = 1 AND (DSituationN1 = 2 or DPurchase = 1) - Credit or Charge Card account is held in respondent’s name and has an outstanding balance"
"DNam1"	"D12beh1"	"FALSE"	"DNam1 = 1 AND (DSituationN1 = 2 OR DPurchase = 1) - Credit or Charge Card account is held in respondent’s name and has an outstanding balance"	FALSE	"If DNam1 = 1 AND (DSituationN1 = 2 OR DPurchase = 1) - Credit or Charge Card account is held in respondent’s name and has an outstanding balance"
"DSituationN1"	"D12beh1"	"FALSE"	"DNam1 = 1 AND (DSituationN1 = 2 OR DPurchase = 1) - Credit or Charge Card account is held in respondent’s name and has an outstanding balance"	FALSE	"If DNam1 = 1 AND (DSituationN1 = 2 OR DPurchase = 1) - Credit or Charge Card account is held in respondent’s name and has an outstanding balance"
"DMOanyN"	"DMOanyNo"	"DMOanyN== 3"	"DMOanyN= 3 - respondent reports other instalment purchase"	TRUE	"If DMOanyN= 3 - respondent reports other instalment purchase"
"DMOanyN"	"DMOnum"	"FALSE"	"DMOanyN = 1,2,3 - respondent is paying in instalments"	FALSE	"If DMOanyN = 1,2,3 - respondent is paying in instalments"
"DMOnum"	"DMOins1"	"DMOnum > 0"	"DMOnum > 0 - respondent is paying instalments on one or more purchase"	TRUE	"If DMOnum > 0 - respondent is paying instalments on one or more purchase"
"DMOins1"	"DMOest1"	"FALSE"	"DMOins1 = DK/RF - respondent does not know the standard repayment amount"	FALSE	"If DMOins1 = DK/RF - respondent does not know the standard repayment amount"
"DMOnum"	"DMOoft1"	"DMOnum > 0"	"DMOnum > 0 - respondent is paying instalments on more than one purchase"	TRUE	"If DMOnum > 0 - respondent is paying instalments on more than one purchase"
"DMOoft1"	"DMOoftO1"	"DMOoft1 == 7"	"DMOoft1 = 7 - their instalments are due at other frequency"	TRUE	"If DMOoft1 = 7 - their instalments are due at other frequency"
"DMOnum"	"DMOwhnY1"	"DMOnum > 0"	"DMOnum > 0 - respondent is paying instalments on more than one purchase"	TRUE	"If DMOnum > 0 - respondent is paying instalments on more than one purchase"
"DMOwhnY1"	"DMOwhnM1"	"DMOwhnY1 == \"Response\""	"DMOwhnY1 = Response - year has been given"	TRUE	"If DMOwhnY1 = Response - year has been given"
"DMOwhnY1"	"DMOwest1"	"FALSE"	"DMOwhnY1 = DK/RF OR DMOwhnM1 = DK/RF - respondent does not know when they will pay off the purchase balance"	FALSE	"If DMOwhnY1 = DK/RF OR DMOwhnM1 = DK/RF - respondent does not know when they will pay off the purchase balance"
"DMOwhnM1"	"DMOwest1"	"FALSE"	"DMOwhnY1 = DK/RF OR DMOwhnM1 = DK/RF - respondent does not know when they will pay off the purchase balance"	FALSE	"If DMOwhnY1 = DK/RF OR DMOwhnM1 = DK/RF - respondent does not know when they will pay off the purchase balance"
"DMOnum"	"DMOint1"	"DMOnum > 0"	"DMOnum > 0 - respondent is paying instalments on more than one purchase"	TRUE	"If DMOnum > 0 - respondent is paying instalments on more than one purchase"
"DMOnum"	"DMObeh1"	"DMOnum > 0"	"DMOnum > 0 - respondent is paying instalments on more than one purchase"	TRUE	"If DMOnum > 0 - respondent is paying instalments on more than one purchase"
"DMObeh1"	"DMOowe1"	"DMObeh1 == 2"	"DMObeh1 = 2 - respondent is two or more consecutive payments behind"	TRUE	"If DMObeh1 = 2 - respondent is two or more consecutive payments behind"
"DMObeh1"	"DMObal1"	"DMObeh1 == 2"	"DMObeh1 = 2 - respondent is two or more consecutive payments behind"	TRUE	"If DMObeh1 = 2 - respondent is two or more consecutive payments behind"
"DMOnum"	"DMoShar1"	"DMOnum > 0"	"DMOnum > 0 - respondent is paying instalments on one or more purchase"	TRUE	"If DMOnum > 0 - respondent is paying instalments on one or more purchase"
"DMoShar1"	"DMoNAM1"	"DmoShar1 ==1"	"DmoShar1 =1 - respondent has a shared purchase"	TRUE	"If DmoShar1 =1 - respondent has a shared purchase"
"DHPany"	"DHPnum"	"FALSE"	"DHPany = 1-7"	FALSE	"If DHPany = 1-7"
"DHPnum"	"DHPins1"	"DHPnum > 0"	"DHPnum > 0 - respondent has an instalment agreement"	TRUE	"If DHPnum > 0 - respondent has an instalment agreement"
"DHPins1"	"DHPest1"	"FALSE"	"DHPins1 = DK/RF - respondent does not know how much standard payments are"	FALSE	"If DHPins1 = DK/RF - respondent does not know how much standard payments are"
"DHPnum"	"DHPoft1"	"DHPnum > 0"	"DHPnum > 0 - respondent has an instalment agreement"	TRUE	"If DHPnum > 0 - respondent has an instalment agreement"
"DHPoft1"	"DHPoftO1"	"DHPoft1 == 7"	"DHPoft1 = 7 - instalments are due at another frequency"	TRUE	"If DHPoft1 = 7 - instalments are due at another frequency"
"DHPoft1"	"DHPwhnY1"	"FALSE"	"NOT(DHPoft1 = 7, DK/RF)"	FALSE	"If NOT(DHPoft1 = 7, DK/RF)"
"DHPwhnY1"	"DHPwhnM1"	"DHPwhnY1 == \"Response\""	"DHPwhnY1 = Response - respondent knows how often instalments are due and they do not have the frequency of ‘other’"	TRUE	"If DHPwhnY1 = Response - respondent knows how often instalments are due and they do not have the frequency of ‘other’"
"DHPwhnY1"	"DHPwest1"	"FALSE"	"DHPOft = 7 OR DHPwhnY1 = DK/RF OR DHPwhnM1 = DK/RF - respondent does not know how often instalments are due or they have the frequency of ‘other’"	FALSE	"If DHPOft = 7 OR DHPwhnY1 = DK/RF OR DHPwhnM1 = DK/RF - respondent does not know how often instalments are due or they have the frequency of ‘other’"
"DHPwhnM1"	"DHPwest1"	"FALSE"	"DHPOft = 7 OR DHPwhnY1 = DK/RF OR DHPwhnM1 = DK/RF - respondent does not know how often instalments are due or they have the frequency of ‘other’"	FALSE	"If DHPOft = 7 OR DHPwhnY1 = DK/RF OR DHPwhnM1 = DK/RF - respondent does not know how often instalments are due or they have the frequency of ‘other’"
"DHPnum"	"DHPint1"	"DHPnum > 0"	"DHPnum > 0 - respondent has an instalment agreement"	TRUE	"If DHPnum > 0 - respondent has an instalment agreement"
"DHPnum"	"DHPbeh1"	"DHPnum > 0"	"DHPnum > 0 - respondent has an instalment agreement"	TRUE	"If DHPnum > 0 - respondent has an instalment agreement"
"DHPbeh1"	"DHPowe1"	"DHPbeh1 == 2"	"DHPbeh1 = 2 - respondent is two or more consecutive payments behind"	TRUE	"If DHPbeh1 = 2 - respondent is two or more consecutive payments behind"
"DHPbeh1"	"DHPbal1"	"DHPbeh1 == 2"	"DHPbeh1 = 2 - respondent is two or more consecutive payments behind"	TRUE	"If DHPbeh1 = 2 - respondent is two or more consecutive payments behind"
"DHPnum"	"DHPShar1"	"DHPnum > 0"	"DHPnum > 0 - respondent has an instalment agreement"	TRUE	"If DHPnum > 0 - respondent has an instalment agreement"
"DHPShar1"	"DHPNAM1"	"FALSE"	"DHPShar1 =1 OR DHPShar2 =1 - respondent has a shared purchase"	FALSE	"If DHPShar1 =1 OR DHPShar2 =1 - respondent has a shared purchase"
"DLany"	"DLNNm"	"DLany == 1"	"DLany = 1 - respondent has another loan"	TRUE	"If DLany = 1 - respondent has another loan"
"DLNum"	"OIntrol"	"DLNum > 0"	"DLNum > 0 - respondent has one loan or more"	TRUE	"If DLNum > 0 - respondent has one loan or more"
"DLNum"	"DLType1"	"DLNum > 0"	"DLNum > 0 - respondent has one loan or more"	TRUE	"If DLNum > 0 - respondent has one loan or more"
"DLType1"	"DSLamt1"	"FALSE"	"DLType1 = 2, 3 - respondent has a student loan"	FALSE	"If DLType1 = 2, 3 - respondent has a student loan"
"DSLamt1"	"DSLest1"	"FALSE"	"DSLamt1 = DK/RF - respondent does not know the outstanding balance on their student loan"	FALSE	"If DSLamt1 = DK/RF - respondent does not know the outstanding balance on their student loan"
"DLNum"	"DLwhy"	"FALSE"	"DLNUm > 0 AND DLType1 <> 2,3 - respondent has a NEW loan but it is NOT a student loan"	FALSE	"If DLNUm > 0 AND DLType1 <> 2,3 - respondent has a NEW loan but it is NOT a student loan"
"DLType1"	"DLwhy"	"FALSE"	"DLNUm > 0 AND DLType1 <> 2,3 - respondent has a NEW loan but it is NOT a student loan"	FALSE	"If DLNUm > 0 AND DLType1 <> 2,3 - respondent has a NEW loan but it is NOT a student loan"
"Ten1"	"DLSec1"	"FALSE"	"Ten1 = 1,2,3 AND DLType1 = 1,5,6 - respondent’s home is owned outright or they are buying with the help of a mortgage and they have a personal loan, a cash loan, or another type of loan."	FALSE	"If Ten1 = 1,2,3 AND DLType1 = 1,5,6 - respondent’s home is owned outright or they are buying with the help of a mortgage and they have a personal loan, a cash loan, or another type of loan."
"DLType1"	"DLSec1"	"FALSE"	"Ten1 = 1,2,3 AND DLType1 = 1,5,6 - respondent’s home is owned outright or they are buying with the help of a mortgage and they have a personal loan, a cash loan, or another type of loan."	FALSE	"If Ten1 = 1,2,3 AND DLType1 = 1,5,6 - respondent’s home is owned outright or they are buying with the help of a mortgage and they have a personal loan, a cash loan, or another type of loan."
"DLNum"	"DLins1"	"FALSE"	"DLNum>0 AND DLType1 <> 2,3 - respondent has a NEW loan but it is NOT a student loan"	FALSE	"If DLNum>0 AND DLType1 <> 2,3 - respondent has a NEW loan but it is NOT a student loan"
"DLType1"	"DLins1"	"FALSE"	"DLNum>0 AND DLType1 <> 2,3 - respondent has a NEW loan but it is NOT a student loan"	FALSE	"If DLNum>0 AND DLType1 <> 2,3 - respondent has a NEW loan but it is NOT a student loan"
"DLNum"	"DLest1"	"FALSE"	"DLNum>0 AND DLType1 <> 2,3 AND DLins1 = DK/RF - respondent has a NEW loan but it is NOT a student loan and they do not know the standard repayment amount"	FALSE	"If DLNum>0 AND DLType1 <> 2,3 AND DLins1 = DK/RF - respondent has a NEW loan but it is NOT a student loan and they do not know the standard repayment amount"
"DLType1"	"DLest1"	"FALSE"	"DLNum>0 AND DLType1 <> 2,3 AND DLins1 = DK/RF - respondent has a NEW loan but it is NOT a student loan and they do not know the standard repayment amount"	FALSE	"If DLNum>0 AND DLType1 <> 2,3 AND DLins1 = DK/RF - respondent has a NEW loan but it is NOT a student loan and they do not know the standard repayment amount"
"DLins1"	"DLest1"	"FALSE"	"DLNum>0 AND DLType1 <> 2,3 AND DLins1 = DK/RF - respondent has a NEW loan but it is NOT a student loan and they do not know the standard repayment amount"	FALSE	"If DLNum>0 AND DLType1 <> 2,3 AND DLins1 = DK/RF - respondent has a NEW loan but it is NOT a student loan and they do not know the standard repayment amount"
"DLNum"	"DLoft1"	"FALSE"	"DLNum>0 AND DLType1 <> 2,3 - respondent has a NEW loan but it is NOT a student loan"	FALSE	"If DLNum>0 AND DLType1 <> 2,3 - respondent has a NEW loan but it is NOT a student loan"
"DLType1"	"DLoft1"	"FALSE"	"DLNum>0 AND DLType1 <> 2,3 - respondent has a NEW loan but it is NOT a student loan"	FALSE	"If DLNum>0 AND DLType1 <> 2,3 - respondent has a NEW loan but it is NOT a student loan"
"DLoft1"	"DLoftOt1"	"DLoft1 == 7"	"DLoft1 = 7 - instalments are another frequency"	TRUE	"If DLoft1 = 7 - instalments are another frequency"
"DLNum"	"DLwhnY1"	"FALSE"	"DLNum>0 AND DLType1 <> 2,3 - respondent has a NEW loan but it is NOT a student loan"	FALSE	"If DLNum>0 AND DLType1 <> 2,3 - respondent has a NEW loan but it is NOT a student loan"
"DLType1"	"DLwhnY1"	"FALSE"	"DLNum>0 AND DLType1 <> 2,3 - respondent has a NEW loan but it is NOT a student loan"	FALSE	"If DLNum>0 AND DLType1 <> 2,3 - respondent has a NEW loan but it is NOT a student loan"
"DLwhnY1"	"DLwhnM1"	"DLwhnY1 == \"response\""	"DLwhnY1 = response - year has been entered"	TRUE	"If DLwhnY1 = response - year has been entered"
"DLwhnM1"	"DLwest1"	"FALSE"	"DLwhnY = DK/RF OR DLwhnM1 = DK/RF - respondent does not know when they expect the loan to be repaid"	FALSE	"If DLwhnY = DK/RF OR DLwhnM1 = DK/RF - respondent does not know when they expect the loan to be repaid"
"DLNum"	"DLint1"	"FALSE"	"DLNum>0 AND DLType1 <> 2,3 - respondent has a NEW loan but it is NOT a student loan"	FALSE	"If DLNum>0 AND DLType1 <> 2,3 - respondent has a NEW loan but it is NOT a student loan"
"DLType1"	"DLint1"	"FALSE"	"DLNum>0 AND DLType1 <> 2,3 - respondent has a NEW loan but it is NOT a student loan"	FALSE	"If DLNum>0 AND DLType1 <> 2,3 - respondent has a NEW loan but it is NOT a student loan"
"DLNum"	"DLbeh1"	"FALSE"	"DLNum>0 AND DLType1 <> 2,3 - respondent has a NEW loan but it is NOT a student loan"	FALSE	"If DLNum>0 AND DLType1 <> 2,3 - respondent has a NEW loan but it is NOT a student loan"
"DLType1"	"DLbeh1"	"FALSE"	"DLNum>0 AND DLType1 <> 2,3 - respondent has a NEW loan but it is NOT a student loan"	FALSE	"If DLNum>0 AND DLType1 <> 2,3 - respondent has a NEW loan but it is NOT a student loan"
"DLbeh1"	"DLowe1"	"DLbeh1 == 2"	"DLbeh1 = 2 - respondent is getting behind with repayments"	TRUE	"If DLbeh1 = 2 - respondent is getting behind with repayments"
"DLbeh1"	"DLbal1"	"DLbeh1 == 2"	"DLbeh1 = 2 - respondent is getting behind with repayments"	TRUE	"If DLbeh1 = 2 - respondent is getting behind with repayments"
"DLNum"	"DLShar1"	"DLNum > 0"	"DLNum > 0 - respondent has one or more loan"	TRUE	"If DLNum > 0 - respondent has one or more loan"
"NwLn"	"NwLnNo"	"FALSE"	"NwLn = 1- respondent has loans outstanding which they have not begun to repay"	FALSE	"If NwLn = 1- respondent has loans outstanding which they have not begun to repay"
"NwLnNo"	"OIntrom"	"NwLnNo > 0"	"NwLnNo > 0 - respondent has a NEW loan"	TRUE	"If NwLnNo > 0 - respondent has a NEW loan"
"NwLnNo"	"DnewLType1"	"NwLnNo > 0"	"NwLnNo > 0 - respondent has a NEW loan"	TRUE	"If NwLnNo > 0 - respondent has a NEW loan"
"NwLnNo"	"DNewLOwe1"	"NwLnNo > 0"	"NwLnNo > 0 - respondent has a NEW loan"	TRUE	"If NwLnNo > 0 - respondent has a NEW loan"
"NwLnNo"	"DNewLShar1"	"NwLnNo > 0"	"NwLnNo > 0"	TRUE	"If NwLnNo > 0"
"DHBany"	"DHBamt"	"FALSE"	"DHBAny = 10-20 - respondent is behind with any bill"	FALSE	"If DHBAny = 10-20 - respondent is behind with any bill"
"DHBamt"	"DHBest"	"FALSE"	"DHBamt = DK/RF - respondent does not know how much they are overdue"	FALSE	"If DHBamt = DK/RF - respondent does not know how much they are overdue"
"PersProx"	"DBurd"	"FALSE"	"PersProx = 1 AND (FCOvDSh = 1 OR FCOvDin = 1 OR CheckCC = 1 OR CheckST = 1 OR CheckMO = 1 OR CheckHP = 1 OR CheckDL = 1 OR CheckHB = 1) - it is not a proxy interview and the respondent has debt on bank accounts, credit/store cards, mail order catalogues, has any hire purchase agreement or loans, or is behind with bills"	FALSE	"If PersProx = 1 AND (FCOvDSh = 1 OR FCOvDin = 1 OR CheckCC = 1 OR CheckST = 1 OR CheckMO = 1 OR CheckHP = 1 OR CheckDL = 1 OR CheckHB = 1) - it is not a proxy interview and the respondent has debt on bank accounts, credit/store cards, mail order catalogues, has any hire purchase agreement or loans, or is behind with bills"
"FCOvDSh"	"DBurd"	"FALSE"	"PersProx = 1 AND (FCOvDSh = 1 OR FCOvDin = 1 OR CheckCC = 1 OR CheckST = 1 OR CheckMO = 1 OR CheckHP = 1 OR CheckDL = 1 OR CheckHB = 1) - it is not a proxy interview and the respondent has debt on bank accounts, credit/store cards, mail order catalogues, has any hire purchase agreement or loans, or is behind with bills"	FALSE	"If PersProx = 1 AND (FCOvDSh = 1 OR FCOvDin = 1 OR CheckCC = 1 OR CheckST = 1 OR CheckMO = 1 OR CheckHP = 1 OR CheckDL = 1 OR CheckHB = 1) - it is not a proxy interview and the respondent has debt on bank accounts, credit/store cards, mail order catalogues, has any hire purchase agreement or loans, or is behind with bills"
"FCOvDIn"	"DBurd"	"FALSE"	"PersProx = 1 AND (FCOvDSh = 1 OR FCOvDin = 1 OR CheckCC = 1 OR CheckST = 1 OR CheckMO = 1 OR CheckHP = 1 OR CheckDL = 1 OR CheckHB = 1) - it is not a proxy interview and the respondent has debt on bank accounts, credit/store cards, mail order catalogues, has any hire purchase agreement or loans, or is behind with bills"	FALSE	"If PersProx = 1 AND (FCOvDSh = 1 OR FCOvDin = 1 OR CheckCC = 1 OR CheckST = 1 OR CheckMO = 1 OR CheckHP = 1 OR CheckDL = 1 OR CheckHB = 1) - it is not a proxy interview and the respondent has debt on bank accounts, credit/store cards, mail order catalogues, has any hire purchase agreement or loans, or is behind with bills"
"XInsol"	"XIntyp"	"XInsol == 1"	"XInsol = 1"	TRUE	"If XInsol = 1"
"XInsol"	"XInCse"	"XInsol == 1"	"XInsol = 1"	TRUE	"If XInsol = 1"
"RentIncPay"	"RentIncTy"	"rentIncPay==1"	"rentIncPay=1 - receives income from rent"	TRUE	"If rentIncPay=1 - receives income from rent"
"RentIncTy"	"RentIncLdg"	"FALSE"	"RentIncTy = 1,3 - rent received from a border or lodger at this address or both"	FALSE	"If RentIncTy = 1,3 - rent received from a border or lodger at this address or both"
"RentIncTy"	"RentIncAm"	"FALSE"	"RentIncTy = 2 or 3"	FALSE	"If RentIncTy = 2 or 3"
"RentIncAm"	"RentIncBnd"	"FALSE"	"RentIncAm = DK/RF - respondent does not know rent income amount"	FALSE	"If RentIncAm = DK/RF - respondent does not know rent income amount"
"OthSrc"	"OiNRrPr"	"OthSrc == 1"	"OthSrc = 1 - respondent receives regular redundancy payments from former employer(s)"	TRUE	"If OthSrc = 1 - respondent receives regular redundancy payments from former employer(s)"
"OiNRrPr"	"OiNRrSp"	"OiNRrPr == 97"	"OiNRrPr = 97 - frequency of payment is ‘neither’ weekly, monthly or annual"	TRUE	"If OiNRrPr = 97 - frequency of payment is ‘neither’ weekly, monthly or annual"
"OiNRrPr"	"OiNRrAm"	"FALSE"	"OiNRrPr = 1,2, 3 or 97"	FALSE	"If OiNRrPr = 1,2, 3 or 97"
"OiNRrPr"	"OiNRB"	"FALSE"	"OiNRrPr OR OiNRrAm= DK/RF"	FALSE	"If OiNRrPr OR OiNRrAm= DK/RF"
"OiNRrAm"	"OiNRB"	"FALSE"	"OiNRrPr OR OiNRrAm= DK/RF"	FALSE	"If OiNRrPr OR OiNRrAm= DK/RF"
"OthSrc"	"OiNGTPr"	"OthSrc == 2"	"OthSrc = 2 - respondent receives money from Government Training Schemes, such as Youth Training allowance"	TRUE	"If OthSrc = 2 - respondent receives money from Government Training Schemes, such as Youth Training allowance"
"OiNGTPr"	"OiNGTSp"	"OiNGTPr == 97"	"OiNGTPr = 97 - respondent does not know frequency of payment"	TRUE	"If OiNGTPr = 97 - respondent does not know frequency of payment"
"OiNGTPr"	"OiNGTAm"	"FALSE"	"OiNGTPr = 1,2,3, 97 - respondent receives payments from Government training schemes weekly, monthly, yearly or other frequency."	FALSE	"If OiNGTPr = 1,2,3, 97 - respondent receives payments from Government training schemes weekly, monthly, yearly or other frequency."
"OiNGTPr"	"OiNGB"	"FALSE"	"OiNGTPr = DK/RF OR OiNGTAm = DK/RF - respondent does not know how much they usually receive each month from Government Training Schemes"	FALSE	"If OiNGTPr = DK/RF OR OiNGTAm = DK/RF - respondent does not know how much they usually receive each month from Government Training Schemes"
"OiNGTAm"	"OiNGB"	"FALSE"	"OiNGTPr = DK/RF OR OiNGTAm = DK/RF - respondent does not know how much they usually receive each month from Government Training Schemes"	FALSE	"If OiNGTPr = DK/RF OR OiNGTAm = DK/RF - respondent does not know how much they usually receive each month from Government Training Schemes"
"ReglrPy"	"OiNEGPr"	"ReglrPy == 1"	"ReglrPy = 1 - respondent is receiving an educational grant"	TRUE	"If ReglrPy = 1 - respondent is receiving an educational grant"
"OiNEGPr"	"OiNEGSp"	"OiNEGPr == 97"	"OiNEGPr = 97 - respondent does not know frequency of payment"	TRUE	"If OiNEGPr = 97 - respondent does not know frequency of payment"
"OiNEGPr"	"OiNEGAm"	"FALSE"	"OiNEGPr = 1,2,3, 97 - respondent receives payments from educational grant weekly, monthly, yearly or other frequency."	FALSE	"If OiNEGPr = 1,2,3, 97 - respondent receives payments from educational grant weekly, monthly, yearly or other frequency."
"OiNEGPr"	"OiNEGB"	"FALSE"	"OiNEGPr OR OiNEGAm= DK/RF - respondent does not know amount they usually receive each month from the educational grant"	FALSE	"If OiNEGPr OR OiNEGAm= DK/RF - respondent does not know amount they usually receive each month from the educational grant"
"OiNEGAm"	"OiNEGB"	"FALSE"	"OiNEGPr OR OiNEGAm= DK/RF - respondent does not know amount they usually receive each month from the educational grant"	FALSE	"If OiNEGPr OR OiNEGAm= DK/RF - respondent does not know amount they usually receive each month from the educational grant"
"ReglrPy"	"OiNFRPr"	"ReglrPy == 2"	"ReglrPy = 2 - receiving regular payments from friends or relatives outside the household"	TRUE	"If ReglrPy = 2 - receiving regular payments from friends or relatives outside the household"
"OiNFRPr"	"OiNFRSp"	"OiNFrPr == 97"	"OiNFrPr = 97 - respondent does not know frequency of payment"	TRUE	"If OiNFrPr = 97 - respondent does not know frequency of payment"
"OiNFRPr"	"OiNFRAm"	"FALSE"	"OiNFrPr = 1,2 or 3, 97"	FALSE	"If OiNFrPr = 1,2 or 3, 97"
"OiNFRPr"	"OiNFrB"	"FALSE"	"OiNFrPr = DK/RF OR OiNFrAm= DK/RF - If respondent does not know amount they usually receive each month from friends or relatives outside the household"	FALSE	"If OiNFrPr = DK/RF OR OiNFrAm= DK/RF - If respondent does not know amount they usually receive each month from friends or relatives outside the household"
"OiNFRAm"	"OiNFrB"	"FALSE"	"OiNFrPr = DK/RF OR OiNFrAm= DK/RF - If respondent does not know amount they usually receive each month from friends or relatives outside the household"	FALSE	"If OiNFrPr = DK/RF OR OiNFrAm= DK/RF - If respondent does not know amount they usually receive each month from friends or relatives outside the household"
"ReglrPy"	"OiNMAPr"	"ReglrPy == 3"	"ReglrPy = 3 - respondent is receiving maintenance, alimony or separation allowance"	TRUE	"If ReglrPy = 3 - respondent is receiving maintenance, alimony or separation allowance"
"OiNMAPr"	"OiNMASp"	"OiNMAPr == 97"	"OiNMAPr = 97 - respondent does not know frequency of payment"	TRUE	"If OiNMAPr = 97 - respondent does not know frequency of payment"
"OiNMAPr"	"OiNMAAm"	"FALSE"	"OiNMAPr = 1,2,3, 97 - respondent receives maintenance, alimony or separation allowance payments weekly, monthly, yearly or other frequency.."	FALSE	"If OiNMAPr = 1,2,3, 97 - respondent receives maintenance, alimony or separation allowance payments weekly, monthly, yearly or other frequency.."
"OiNMAPr"	"OiNMAB"	"FALSE"	"OiNMaPr= DK/RF OR OiNMaAm= DK/RF - respondent does not know amount they receive each month from maintenance/ alimony/ separation allowance"	FALSE	"If OiNMaPr= DK/RF OR OiNMaAm= DK/RF - respondent does not know amount they receive each month from maintenance/ alimony/ separation allowance"
"OiNMAAm"	"OiNMAB"	"FALSE"	"OiNMaPr= DK/RF OR OiNMaAm= DK/RF - respondent does not know amount they receive each month from maintenance/ alimony/ separation allowance"	FALSE	"If OiNMaPr= DK/RF OR OiNMaAm= DK/RF - respondent does not know amount they receive each month from maintenance/ alimony/ separation allowance"
"ReglrPy"	"OiNRoPr"	"ReglrPy == 4"	"ReglrPy = 4 -respondent is receiving royalties e.g. from land, books or performances"	TRUE	"If ReglrPy = 4 -respondent is receiving royalties e.g. from land, books or performances"
"OiNRoPr"	"OiNRoSp"	"OiNRoPr == 97"	"OiNRoPr = 97 - respondent does not know frequency of payment"	TRUE	"If OiNRoPr = 97 - respondent does not know frequency of payment"
"OiNRoPr"	"OiNRoAm"	"FALSE"	"OiNRoPr = 1,2,3, 97 - If respondent receives payments from royalties weekly, monthly, yearly or other frequency."	FALSE	"If OiNRoPr = 1,2,3, 97 - If respondent receives payments from royalties weekly, monthly, yearly or other frequency."
"OiNRoPr"	"OiNRoB"	"FALSE"	"OiNRoPr= DK/RF OR OiNRoAm= DK/RF -does not know amount they usually receive each month from royalties"	FALSE	"If OiNRoPr= DK/RF OR OiNRoAm= DK/RF -does not know amount they usually receive each month from royalties"
"OiNRoAm"	"OiNRoB"	"FALSE"	"OiNRoPr= DK/RF OR OiNRoAm= DK/RF -does not know amount they usually receive each month from royalties"	FALSE	"If OiNRoPr= DK/RF OR OiNRoAm= DK/RF -does not know amount they usually receive each month from royalties"
"ReglrPy"	"OthIncOth"	"ReglrPy == 5"	"ReglrPy = 5 -respondent is receiving any other income not already mentioned in the questionnaire"	TRUE	"If ReglrPy = 5 -respondent is receiving any other income not already mentioned in the questionnaire"
"ReglrPy"	"OiNOtPr"	"ReglrPy == 5"	"ReglrPy = 5 -respondent is receiving any other income not already mentioned in the questionnaire"	TRUE	"If ReglrPy = 5 -respondent is receiving any other income not already mentioned in the questionnaire"
"OiNOtPr"	"OiNOtSp"	"OiNOtPr == 97"	"OiNOtPr = 97 - respondent does not know frequency of payment"	TRUE	"If OiNOtPr = 97 - respondent does not know frequency of payment"
"OiNOtPr"	"OiNOtAm"	"FALSE"	"OiNOtPr = 1,2,3, 97 - If respondent receives payments from any other income weekly, monthly, yearly or other frequency."	FALSE	"If OiNOtPr = 1,2,3, 97 - If respondent receives payments from any other income weekly, monthly, yearly or other frequency."
"OiNOtPr"	"OiNOTB"	"FALSE"	"OiNOtPr = DK/RF OR OiNOtAm = DK/RF -does not know amount they usually receive each month from other sources of income not already mentioned in the questionnaire"	FALSE	"If OiNOtPr = DK/RF OR OiNOtAm = DK/RF -does not know amount they usually receive each month from other sources of income not already mentioned in the questionnaire"
"OiNOtAm"	"OiNOTB"	"FALSE"	"OiNOtPr = DK/RF OR OiNOtAm = DK/RF -does not know amount they usually receive each month from other sources of income not already mentioned in the questionnaire"	FALSE	"If OiNOtPr = DK/RF OR OiNOtAm = DK/RF -does not know amount they usually receive each month from other sources of income not already mentioned in the questionnaire"
"CoroInc"	"IncrCoro"	"CoroInc ==1"	"CoroInc =1"	TRUE	"If CoroInc =1"
"IncrCoro"	"IncrCoOth"	"IncrCoro == 5"	"IncrCoro = 5"	TRUE	"Ask if IncrCoro = 5"
"CoroInc"	"DecrCoro"	"CoroInc ==2"	"CoroInc =2"	TRUE	"If CoroInc =2"
"DecrCoro"	"DecrCoOth"	"DecrCoro == 7"	"DecrCoro = 7"	TRUE	"Ask if DecrCoro = 7"
"CoroSav"	"IncrCoroSav"	"CoroSav ==1"	"CoroSav =1"	TRUE	"If CoroSav =1"
"IncrCoroSav"	"IncrOthSav"	"IncrCoroSav == 5"	"IncrCoroSav = 5"	TRUE	"Ask if IncrCoroSav = 5"
"CoroSav"	"DecrCoroSav"	"CoroSav ==2"	"CoroSav =2"	TRUE	"If CoroSav =2"
"DecrCoroSav"	"DecrOthSav"	"DecrCoroSav == 8"	"DecrCoroSav = 8"	TRUE	"Ask if DecrCoroSav = 8"
"SelectAd"	"CaCTF"	"FALSE"	"SelectAd <> RF AND (Birth >= 2002,9,1 AND <= Birth2011,1,2)"	FALSE	"If SelectAd <> RF AND (Birth >= 2002,9,1 AND <= Birth2011,1,2)"
"CaCtV"	"CaCTvB"	"FALSE"	"CaCtV = DK/RF - respondent does not know how much is in their trust fund/junior ISA"	FALSE	"If CaCtV = DK/RF - respondent does not know how much is in their trust fund/junior ISA"
"CaCTF"	"CaType1"	"FALSE"	"CaCTF = 1 AND RCaType = EMPTY OR RCaType=Response - child has a trust fund now but did not have a trust fund at the previous wave"	FALSE	"If CaCTF = 1 AND RCaType = EMPTY OR RCaType=Response - child has a trust fund now but did not have a trust fund at the previous wave"
"CaCTF"	"CaOpen"	"FALSE"	"CaCTF = 1 AND RCaType = Empty OR RCaType=Response - child has a trust fund now but did not have a trust fund at the previous wave"	FALSE	"If CaCTF = 1 AND RCaType = Empty OR RCaType=Response - child has a trust fund now but did not have a trust fund at the previous wave"
"CaJISA"	"CaType2"	"CaJISA == 1"	"CaJISA = 1 - child has a Junior ISA"	TRUE	"If CaJISA = 1 - child has a Junior ISA"
"CaCTF"	"CaContr"	"FALSE"	"CaCTF = 1 OR CaJISA = 1 - child has a trust fund or a junior ISA"	FALSE	"If CaCTF = 1 OR CaJISA = 1 - child has a trust fund or a junior ISA"
"CaJISA"	"CaContr"	"FALSE"	"CaCTF = 1 OR CaJISA = 1 - child has a trust fund or a junior ISA"	FALSE	"If CaCTF = 1 OR CaJISA = 1 - child has a trust fund or a junior ISA"
"CaContr"	"CaContram1"	"FALSE"	"CaContr = 1,2,3,4,5,6 .- someone has contributed to the child’s Trust Fund in the last 2 years"	FALSE	"If CaContr = 1,2,3,4,5,6 .- someone has contributed to the child’s Trust Fund in the last 2 years"
"CaContram1"	"CaContramb1"	"FALSE"	"CaContram1 = DK/RF - If respondent does not know the amount contributed"	FALSE	"If CaContram1 = DK/RF - If respondent does not know the amount contributed"
"SelectAd"	"CaSav"	"SelectAd != \"RF\""	"SelectAd <> RF - Ask for each child"	TRUE	"If SelectAd <> RF - Ask for each child"
"CaSav"	"CaSvV"	"CaSav == 1"	"CaSav = 1 - child has other savings"	TRUE	"If CaSav = 1 - child has other savings"
"CaSvV"	"CaSvB"	"FALSE"	"CaSvV = DK/RF - respondent does not know the current value of the savings held by [Child’s name]"	FALSE	"If CaSvV = DK/RF - respondent does not know the current value of the savings held by [Child’s name]"
"IHRecnt"	"IHRcNum"	"IHRecnt == 1"	"IHRecnt = 1 - respondent has received an inheritance"	TRUE	"If IHRecnt = 1 - respondent has received an inheritance"
"IHRcNum"	"IWat"	"IHRcNum >= 1"	"IHRcNum >= 1 - respondent has one or more inheritance"	TRUE	"If IHRcNum >= 1 - respondent has one or more inheritance"
"IHRcNum"	"IWho1"	"IHRcNum >= 1"	"IHRcNum >= 1 - respondent has one or more inheritance"	TRUE	"If IHRcNum >= 1 - respondent has one or more inheritance"
"IHRcNum"	"IVal1"	"IHRcNum >= 1"	"IHRcNum >= 1"	TRUE	"If IHRcNum >= 1"
"IVal1"	"IValB1"	"FALSE"	"IVal1 = DK/RF - respondent does not know the total value inherited"	FALSE	"If IVal1 = DK/RF - respondent does not know the total value inherited"
"IWat"	"IHse"	"IWat == 1"	"IWat = 1 - respondent received property"	TRUE	"If IWat = 1 - respondent received property"
"IWat"	"IGds"	"FALSE"	"IWat = 2,3,4,5 - respondent received non-property inheritance"	FALSE	"If IWat = 2,3,4,5 - respondent received non-property inheritance"
"RGift"	"RGfFrom"	"RGift == 1"	"RGift = 1 - respondent has received goods or cash gifts"	TRUE	"If RGift = 1 - respondent has received goods or cash gifts"
"RGift"	"IRGfWho1"	"RGift == 1"	"RGift = 1 - respondent has received goods or cash gifts"	TRUE	"If RGift = 1 - respondent has received goods or cash gifts"
"RGfFrom"	"IRGfVal1"	"FALSE"	"RGfFrom = 1,2,3,4,5,6,7- respondent received cash gifts worth £500 or more in the last two years"	FALSE	"If RGfFrom = 1,2,3,4,5,6,7- respondent received cash gifts worth £500 or more in the last two years"
"IRGfVal1"	"IRGfVB1"	"FALSE"	"IRGfVal1 = DK/RF - respondent does not know value of gift received"	FALSE	"If IRGfVal1 = DK/RF - respondent does not know value of gift received"
"RGfFrom"	"IRGfUse1"	"FALSE"	"RGfFrom = 1,2,3,4,5,6,7- respondent received cash gifts worth £500 or more in the last two years"	FALSE	"If RGfFrom = 1,2,3,4,5,6,7- respondent received cash gifts worth £500 or more in the last two years"
"LRGift"	"LRGiftNo"	"LRGift ==1"	"LRGift =1"	TRUE	"If LRGift =1"
"LRGiftNo"	"LIRGfYr1"	"LRGiftNo >= 1"	"LRGiftNo >= 1"	TRUE	"If LRGiftNo >= 1"
"LRGiftNo"	"LIRGfVal1"	"LRGiftNo >= 1"	"LRGiftNo >= 1"	TRUE	"If LRGiftNo >= 1"
"GGift"	"GGfTo"	"GGift == 1"	"GGift = 1 - respondent has given any goods or any cash gifts worth £500 or more"	TRUE	"If GGift = 1 - respondent has given any goods or any cash gifts worth £500 or more"
"GGift"	"IGGfWho1"	"GGift == 1"	"GGift = 1"	TRUE	"If GGift = 1"
"GGfTo"	"IGGfVal1"	"FALSE"	"GGfTo =1,2,3,4,5,6,7 - respondent gave goods or cash gifts worth £500 or more in the last two years"	FALSE	"If GGfTo =1,2,3,4,5,6,7 - respondent gave goods or cash gifts worth £500 or more in the last two years"
"IGGfVal1"	"IGGfVB1"	"FALSE"	"IGGfVal1 = DK/RF - respondent does not know value of gift given"	FALSE	"If IGGfVal1 = DK/RF - respondent does not know value of gift given"
"GGift"	"IGGfUse1"	"GGift == 1"	"GGift = 1 - respondent given cash gifts worth £500 or more in the last two years"	TRUE	"If GGift = 1 - respondent given cash gifts worth £500 or more in the last two years"
"LGGift"	"LGGiftNo"	"LGGift ==1"	"LGGift =1"	TRUE	"If LGGift =1"
"LGGiftNo"	"LIGGfYr1"	"LGGiftNo >= 1"	"LGGiftNo >= 1"	TRUE	"If LGGiftNo >= 1"
"LGGiftNo"	"LIGGfVal1"	"LGGiftNo >= 1"	"LGGiftNo >= 1"	TRUE	"If LGGiftNo >= 1"
"RLoan"	"RLnFrom"	"RLoan == 1"	"RLoan = 1 - respondent has received loans"	TRUE	"If RLoan = 1 - respondent has received loans"
"RLoan"	"IRLnWho1"	"RLoan == 1"	"RLoan = 1 - respondent has received a cash loan of £500 or more"	TRUE	"If RLoan = 1 - respondent has received a cash loan of £500 or more"
"RLnFrom"	"IRLnVal1"	"FALSE"	"RLnFrom = 1,2,3,4,5,6,7 - has received cash loan from someone"	FALSE	"If RLnFrom = 1,2,3,4,5,6,7 - has received cash loan from someone"
"IRLnVal1"	"IRLnVB1"	"FALSE"	"IRLnVal1 = DK/RF - respondent does not know value of the cash loan received"	FALSE	"If IRLnVal1 = DK/RF - respondent does not know value of the cash loan received"
"RLnFrom"	"IRLnUse1"	"FALSE"	"RLnFrom = 1,2,3,4,5,6,7 - respondent has received money for any of the uses shown on the card"	FALSE	"If RLnFrom = 1,2,3,4,5,6,7 - respondent has received money for any of the uses shown on the card"
"RLnFrom"	"IRLnPyBk1"	"FALSE"	"RLnFrom = 1,2,3,4,5,6,7 - respondent has a loan"	FALSE	"If RLnFrom = 1,2,3,4,5,6,7 - respondent has a loan"
"GLoan"	"GLnTo"	"GLoan == 1"	"GLoan = 1"	TRUE	"If GLoan = 1"
"GLoan"	"IGLnWho1"	"GLoan == 1"	"GLoan = 1 - respondent has given a cash loan of £500 or more"	TRUE	"If GLoan = 1 - respondent has given a cash loan of £500 or more"
"GLnTo"	"IGLnVal1"	"FALSE"	"GLnTo = 1,2,3,4,5,6,7 - has loaned money to someone"	FALSE	"If GLnTo = 1,2,3,4,5,6,7 - has loaned money to someone"
"IGLnVal1"	"IGLnVB1"	"FALSE"	"IGLnVal1 = DK/RF - respondent does not know value of the cash loan given"	FALSE	"If IGLnVal1 = DK/RF - respondent does not know value of the cash loan given"
"GLnTo"	"IGLnUse1"	"FALSE"	"GLnTo =1,2,3,4,5,6,7 - has loaned money to someone"	FALSE	"If GLnTo =1,2,3,4,5,6,7 - has loaned money to someone"
"GLnTo"	"IGLnPyBk1"	"FALSE"	"GLnTo =1,2,3,4,5,6,7 - has loaned money to someone"	FALSE	"If GLnTo =1,2,3,4,5,6,7 - has loaned money to someone"
"TSett"	"TSNum1"	"TSett == 1"	"TSett = 1 - respondents assets have been put into a trust"	TRUE	"If TSett = 1 - respondents assets have been put into a trust"
"TSett"	"TCont1"	"FALSE"	"TSett = 1 OR RTSett = 1- respondent had assets before or has assets now"	FALSE	"If TSett = 1 OR RTSett = 1- respondent had assets before or has assets now"
"TSNum1"	"TJnt"	"FALSE"	"TSNum1 >= 1 OR TSNum2 >= 1 - respondent has one or more trusts"	FALSE	"If TSNum1 >= 1 OR TSNum2 >= 1 - respondent has one or more trusts"
"TSNum2"	"TJnt"	"FALSE"	"TSNum1 >= 1 OR TSNum2 >= 1 - respondent has one or more trusts"	FALSE	"If TSNum1 >= 1 OR TSNum2 >= 1 - respondent has one or more trusts"
"TJnt"	"TPs1"	"TJnt == 2"	"TJnt = 2 - trust is held jointly with someone in this household"	TRUE	"If TJnt = 2 - trust is held jointly with someone in this household"
"TSNum1"	"TAcc1"	"FALSE"	"TSNum1 >=1 OR TSNum2 >= 1 - respondent has one or more trusts"	FALSE	"If TSNum1 >=1 OR TSNum2 >= 1 - respondent has one or more trusts"
"TSNum2"	"TAcc1"	"FALSE"	"TSNum1 >=1 OR TSNum2 >= 1 - respondent has one or more trusts"	FALSE	"If TSNum1 >=1 OR TSNum2 >= 1 - respondent has one or more trusts"
"TSNum1"	"TBen"	"FALSE"	"TSNum1 >= 1 OR TSNum2 >= 1 - respondent has one or more trusts"	FALSE	"If TSNum1 >= 1 OR TSNum2 >= 1 - respondent has one or more trusts"
"TSNum2"	"TBen"	"FALSE"	"TSNum1 >= 1 OR TSNum2 >= 1 - respondent has one or more trusts"	FALSE	"If TSNum1 >= 1 OR TSNum2 >= 1 - respondent has one or more trusts"
"TSNum1"	"TVal1"	"FALSE"	"TSNum1 >= 1 OR TSNum2 >= 1 - respondent has one or more trusts"	FALSE	"If TSNum1 >= 1 OR TSNum2 >= 1 - respondent has one or more trusts"
"TSNum2"	"TVal1"	"FALSE"	"TSNum1 >= 1 OR TSNum2 >= 1 - respondent has one or more trusts"	FALSE	"If TSNum1 >= 1 OR TSNum2 >= 1 - respondent has one or more trusts"
"TVal1"	"TValB1"	"FALSE"	"TVal1 = DK/RF - respondent does not know value of trust"	FALSE	"If TVal1 = DK/RF - respondent does not know value of trust"
"TVal1"	"TDup1"	"FALSE"	"TVal1 OR TValB1 = Response - respondent has given a value"	FALSE	"If TVal1 OR TValB1 = Response - respondent has given a value"
"TValB1"	"TDup1"	"FALSE"	"TVal1 OR TValB1 = Response - respondent has given a value"	FALSE	"If TVal1 OR TValB1 = Response - respondent has given a value"
"TDup1"	"TDupA1"	"TDup1 == 1"	"TDup1 = 1 - respondent included assets in the trust elsewhere in the interview"	TRUE	"If TDup1 = 1 - respondent included assets in the trust elsewhere in the interview"
"TDupA1"	"TAddVl1"	"TDupA1 == 2"	"TDupA1 = 2 - respondent only included some of the assets in the trust elsewhere in the interview"	TRUE	"If TDupA1 = 2 - respondent only included some of the assets in the trust elsewhere in the interview"
"TAddVl1"	"TAddVB1"	"FALSE"	"TAddVl1 = DK/RF - respondent does not know the amount not already covered"	FALSE	"If TAddVl1 = DK/RF - respondent does not know the amount not already covered"
"TBenef"	"TBenNum"	"TBenef == 1"	"TBenef = 1 - respondent is the beneficiary of a trust"	TRUE	"If TBenef = 1 - respondent is the beneficiary of a trust"
"TBenNum"	"TBCap1"	"TBenNum >= 1"	"TBenNum >= 1 - respondent is beneficiary of one or more trusts"	TRUE	"If TBenNum >= 1 - respondent is beneficiary of one or more trusts"
"TBCap1"	"TBCapY1"	"TBCap1 == 1"	"TBCap1 = 1 - respondent will receive assets on a specific date in the future"	TRUE	"If TBCap1 = 1 - respondent will receive assets on a specific date in the future"
"TBCap1"	"TBValB1"	"TBCap1 == 1"	"TBCap1 = 1 - respondent will receive all of the assets held in the trust at some point in the future"	TRUE	"If TBCap1 = 1 - respondent will receive all of the assets held in the trust at some point in the future"
"OthAsCh"	"OthAsTy"	"OthAsCh == 1"	"OthAsCh = 1 - respondent has other assets with financial value"	TRUE	"If OthAsCh = 1 - respondent has other assets with financial value"
"OthAsCh"	"OthAsVl"	"OthAsCh == 1"	"OthAsCh = 1 - respondent has other assets with financial value"	TRUE	"If OthAsCh = 1 - respondent has other assets with financial value"
"OthAsVl"	"OthAsVb"	"FALSE"	"OthAsVl = DK/RF - respondent does not know value of these assets"	FALSE	"If OthAsVl = DK/RF - respondent does not know value of these assets"
"PersProx"	"OthAsVb"	"Persprox == 1"	"Persprox = 1 - Ask all except proxies"	TRUE	"If Persprox = 1 - Ask all except proxies"
"PersProx"	"ORiska"	"Persprox == 1"	"Persprox = 1 - Ask all except proxies"	TRUE	"If Persprox = 1 - Ask all except proxies"
"PersProx"	"ORiskc"	"Persprox == 1"	"Persprox = 1 - Ask all except proxies"	TRUE	"If Persprox = 1 - Ask all except proxies"
"PersProx"	"OSafeSav"	"Persprox == 1"	"Persprox = 1 - Ask all except proxies"	TRUE	"If Persprox = 1 - Ask all except proxies"
"PersProx"	"ORisks"	"Persprox == 1"	"Persprox = 1 - Ask all except proxies"	TRUE	"If Persprox = 1 - Ask all except proxies"
"PersProx"	"HealthIntro"	"Persprox == 1"	"Persprox = 1 - Ask all except proxies"	TRUE	"If Persprox = 1 - Ask all except proxies"
"PersProx"	"QHealth1"	"Persprox == 1"	"Persprox = 1 - Ask all except proxies"	TRUE	"If Persprox = 1 - Ask all except proxies"
"PersProx"	"LSill"	"Persprox == 1"	"Persprox = 1 - Ask all except proxies"	TRUE	"If Persprox = 1 - Ask all except proxies"
"LSill"	"IllLim"	"LSill == 1"	"LSill = 1 - respondent has a disability"	TRUE	"If LSill = 1 - respondent has a disability"
"LSill"	"DisType"	"LSill == 1"	"LSill = 1 - respondent has a disability"	TRUE	"If LSill = 1 - respondent has a disability"
"LSill"	"DisEver"	"LSill == 2"	"LSill = 2 - respondent does not have a disability"	TRUE	"If LSill = 2 - respondent does not have a disability"
"FBSitu"	"FBSibs"	"FBSitu != 7"	"FBSitu <> 7 - respondent did not grow up in a collective house or institution"	TRUE	"If FBSitu <> 7 - respondent did not grow up in a collective house or institution"
"FBSitu"	"FBTen"	"FBSitu != 6"	"FBSitu <> 6 - respondent did not grow up in a private household or foster home"	TRUE	"If FBSitu <> 6 - respondent did not grow up in a private household or foster home"
"FBSitu"	"FBFaEd"	"FALSE"	"FBSitu = 1,3,4,5 - respondent lived with both parents, lone father, with mother and her new partner or with father and father’s new partner/ wife"	FALSE	"If FBSitu = 1,3,4,5 - respondent lived with both parents, lone father, with mother and her new partner or with father and father’s new partner/ wife"
"FBSitu"	"FthEcSt"	"FALSE"	"FBSitu = 1,3,4,5 - respondent lived with both parents, lone father, with mother and her new partner or with father and father’s new partner/ wife"	FALSE	"If FBSitu = 1,3,4,5 - respondent lived with both parents, lone father, with mother and her new partner or with father and father’s new partner/ wife"
"FthEcSt"	"FthJobT"	"FALSE"	"FthEcst = 1,2,3 - respondents father (or mother’s new partner/ husband) was an employee, self-employed or unpaid family worker"	FALSE	"Ask if FthEcst = 1,2,3 - respondents father (or mother’s new partner/ husband) was an employee, self-employed or unpaid family worker"
"FBSitu"	"FBMoEd"	"FALSE"	"FBSitu = 1,2,4,5 - respondent lived with both parents, lone mother, with mother and her new partner or with father and father’s new partner/ wife"	FALSE	"If FBSitu = 1,2,4,5 - respondent lived with both parents, lone mother, with mother and her new partner or with father and father’s new partner/ wife"
"FBSitu"	"MthEcSt"	"FALSE"	"FBSitu = 1,2,4,5 - respondent lived with both parents, lone mother, with mother and her new partner or with father and father’s new partner/ wife"	FALSE	"If FBSitu = 1,2,4,5 - respondent lived with both parents, lone mother, with mother and her new partner or with father and father’s new partner/ wife"
"MthEcSt"	"MthJobT"	"FALSE"	"MthEcst = 1,2,3 - respondents mother (or father’s new partner/ wife) was an employee, self-employed or unpaid family worker"	FALSE	"Ask if MthEcst = 1,2,3 - respondents mother (or father’s new partner/ wife) was an employee, self-employed or unpaid family worker"
"FollowUp"	"FutCond"	"FollowUp == 2"	"FollowUp = 2 (respondent agrees to be contacted again but with conditions)"	TRUE	"If FollowUp = 2 (respondent agrees to be contacted again but with conditions)"
"CheckAdd"	"Prem1"	"CheckAdd == 2"	"CheckAdd = 2 - address for respondent is incorrect"	TRUE	"If CheckAdd = 2 - address for respondent is incorrect"
"CheckAdd"	"Prem2"	"CheckAdd == 2"	"CheckAdd = 2 - address for respondent is incorrect"	TRUE	"If CheckAdd = 2 - address for respondent is incorrect"
"CheckAdd"	"Prem3"	"FALSE"	"CheckAdd = 2 AND Prem2 = Response - address for respondent is incorrect and they have given a second line"	FALSE	"If CheckAdd = 2 AND Prem2 = Response - address for respondent is incorrect and they have given a second line"
"Prem2"	"Prem3"	"FALSE"	"CheckAdd = 2 AND Prem2 = Response - address for respondent is incorrect and they have given a second line"	FALSE	"If CheckAdd = 2 AND Prem2 = Response - address for respondent is incorrect and they have given a second line"
"CheckAdd"	"Prem4"	"FALSE"	"CheckAdd = 2 AND Prem3 = Response - address for respondent is incorrect and they have given a third line"	FALSE	"If CheckAdd = 2 AND Prem3 = Response - address for respondent is incorrect and they have given a third line"
"Prem3"	"Prem4"	"FALSE"	"CheckAdd = 2 AND Prem3 = Response - address for respondent is incorrect and they have given a third line"	FALSE	"If CheckAdd = 2 AND Prem3 = Response - address for respondent is incorrect and they have given a third line"
"CheckAdd"	"KnowPC"	"CheckAdd == 2"	"CheckAdd = 2 - address for respondent is incorrect"	TRUE	"If CheckAdd = 2 - address for respondent is incorrect"
"KnowPC"	"OutCode"	"FALSE"	"KnowPc = 1 – respondent knows the postcode"	FALSE	"If KnowPc = 1 – respondent knows the postcode"
"CheckAdd"	"OutCode"	"FALSE"	"CheckAdd = 2 AND KnowPC = 1 AND OutCode = Response - address for respondent is incorrect and the address is known and they know the postcode and outcode (derived first part of postcode, from lookup) = Response"	FALSE	"If CheckAdd = 2 AND KnowPC = 1 AND OutCode = Response - address for respondent is incorrect and the address is known and they know the postcode and outcode (derived first part of postcode, from lookup) = Response"
"CheckAdd"	"OutCode"	"CheckAdd == 2"	"CheckAdd = 2 - address for respondent is incorrect"	TRUE	"If CheckAdd = 2 - address for respondent is incorrect"
"CheckAdd"	"PostTown"	"CheckAdd == 2"	"CheckAdd = 2 - address for respondent is incorrect"	TRUE	"If CheckAdd = 2 - address for respondent is incorrect"
"CheckAdd"	"InCode"	"FALSE"	"CheckAdd = 2 AND KnowPC = 1 AND OutCode = Response - address for respondent is incorrect and they know the postcode and outcode (derived first part of postcode, from lookup) = Response"	FALSE	"If CheckAdd = 2 AND KnowPC = 1 AND OutCode = Response - address for respondent is incorrect and they know the postcode and outcode (derived first part of postcode, from lookup) = Response"
"KnowPC"	"InCode"	"FALSE"	"CheckAdd = 2 AND KnowPC = 1 AND OutCode = Response - address for respondent is incorrect and they know the postcode and outcode (derived first part of postcode, from lookup) = Response"	FALSE	"If CheckAdd = 2 AND KnowPC = 1 AND OutCode = Response - address for respondent is incorrect and they know the postcode and outcode (derived first part of postcode, from lookup) = Response"
"OutCode"	"InCode"	"FALSE"	"CheckAdd = 2 AND KnowPC = 1 AND OutCode = Response - address for respondent is incorrect and they know the postcode and outcode (derived first part of postcode, from lookup) = Response"	FALSE	"If CheckAdd = 2 AND KnowPC = 1 AND OutCode = Response - address for respondent is incorrect and they know the postcode and outcode (derived first part of postcode, from lookup) = Response"
"CheckAdd"	"InCode"	"CheckAdd == 2"	"CheckAdd = 2 - address for respondent is incorrect"	TRUE	"If CheckAdd = 2 - address for respondent is incorrect"
"MKnowPC"	"MOutCode"	"FALSE"	"MKnowPc = 1 – respondent knows the postcode"	FALSE	"If MKnowPc = 1 – respondent knows the postcode"
"MKnowPC"	"MLetter"	"FALSE"	"Move = 1 AND MKnowPC = 1 AND MOutCode = Response - respondent will be moving in the next year and the address is known and they know the postcode and outcode (derived first part of postcode, from lookup) = Response"	FALSE	"If Move = 1 AND MKnowPC = 1 AND MOutCode = Response - respondent will be moving in the next year and the address is known and they know the postcode and outcode (derived first part of postcode, from lookup) = Response"
"MOutCode"	"MLetter"	"FALSE"	"Move = 1 AND MKnowPC = 1 AND MOutCode = Response - respondent will be moving in the next year and the address is known and they know the postcode and outcode (derived first part of postcode, from lookup) = Response"	FALSE	"If Move = 1 AND MKnowPC = 1 AND MOutCode = Response - respondent will be moving in the next year and the address is known and they know the postcode and outcode (derived first part of postcode, from lookup) = Response"
"OutCode"	"MLetter"	"FALSE"	"Move = 1 AND MKnowPC = 1 AND MOutCode = Response - respondent will be moving in the next year and the address is known and they know the postcode and outcode (derived first part of postcode, from lookup) = Response"	FALSE	"If Move = 1 AND MKnowPC = 1 AND MOutCode = Response - respondent will be moving in the next year and the address is known and they know the postcode and outcode (derived first part of postcode, from lookup) = Response"
"MKnowPC"	"MInCode"	"FALSE"	"Move = 1 AND MKnowPC = 1 AND MOutCode = Response - respondent will be moving in the next year and the address is known and they know the postcode and outcode (derived first part of postcode, from lookup) = Response"	FALSE	"If Move = 1 AND MKnowPC = 1 AND MOutCode = Response - respondent will be moving in the next year and the address is known and they know the postcode and outcode (derived first part of postcode, from lookup) = Response"
"MOutCode"	"MInCode"	"FALSE"	"Move = 1 AND MKnowPC = 1 AND MOutCode = Response - respondent will be moving in the next year and the address is known and they know the postcode and outcode (derived first part of postcode, from lookup) = Response"	FALSE	"If Move = 1 AND MKnowPC = 1 AND MOutCode = Response - respondent will be moving in the next year and the address is known and they know the postcode and outcode (derived first part of postcode, from lookup) = Response"
"OutCode"	"MInCode"	"FALSE"	"Move = 1 AND MKnowPC = 1 AND MOutCode = Response - respondent will be moving in the next year and the address is known and they know the postcode and outcode (derived first part of postcode, from lookup) = Response"	FALSE	"If Move = 1 AND MKnowPC = 1 AND MOutCode = Response - respondent will be moving in the next year and the address is known and they know the postcode and outcode (derived first part of postcode, from lookup) = Response"
"PersProx"	"MEffdat"	"FALSE"	"PersProx = 1,2"	FALSE	"If PersProx = 1,2"
"Vouch1"	"VouvhPostal"	"Vouch1 == \"No\""	"Vouch1 = No"	TRUE	"If Vouch1 = No"
"SampNam"	"PNam"	"FALSE"	"SampNam = 2, Empty - respondent’s name is incorrect or blank"	FALSE	"If SampNam = 2, Empty - respondent’s name is incorrect or blank"
"Vouch1"	"Vouch2"	"Vouch1 == 2"	"Vouch1 = 2 - respondent would like to receive the voucher by post"	TRUE	"If Vouch1 = 2 - respondent would like to receive the voucher by post"
"Vouch1"	"SampAdd"	"Vouch1 == 2"	"Vouch1 = 2 - respondent would like to receive the voucher by post"	TRUE	"If Vouch1 = 2 - respondent would like to receive the voucher by post"
"SampAdd"	"VAdd1"	"SampAdd == 2"	"SampAdd = 2 - respondent’s address is incorrect"	TRUE	"If SampAdd = 2 - respondent’s address is incorrect"
"SampAdd"	"VAdd2"	"SampAdd == 2"	"SampAdd = 2 - respondent’s address is incorrect"	TRUE	"If SampAdd = 2 - respondent’s address is incorrect"
"SampAdd"	"VAdd3"	"SampAdd == 2"	"SampAdd = 2 - respondent’s address is incorrect"	TRUE	"If SampAdd = 2 - respondent’s address is incorrect"
"SampAdd"	"VAdd4"	"SampAdd == 2"	"SampAdd = 2 - respondent’s address is incorrect"	TRUE	"If SampAdd = 2 - respondent’s address is incorrect"
"SampAdd"	"VDstrct"	"SampAdd == 2"	"SampAdd = 2 - respondent’s address is incorrect"	TRUE	"If SampAdd = 2 - respondent’s address is incorrect"
"SampAdd"	"VPstTwn"	"SampAdd == 2"	"SampAdd = 2 - respondent’s address is incorrect"	TRUE	"If SampAdd = 2 - respondent’s address is incorrect"
"SampAdd"	"VPostCd"	"SampAdd == 2"	"SampAdd = 2 - respondent’s address is incorrect"	TRUE	"If SampAdd = 2 - respondent’s address is incorrect"
"F2FTrial"	"InHouse"	"F2FTrial == \"Yes\""	"F2FTrial=Yes"	TRUE	"IF F2FTrial=Yes"
