"id"	"original_id"	"type"	"section"	"prompt"	"source_line"	"depends_on"
"Benefits74"	"Benefits74"	"unknown"	""	"Saving Attitudes and Behaviour89"	1	""
"Retirement89"	"Retirement89"	"unknown"	""	"Attitudes to saving for retirement89"	2	""
"ISAs131"	"ISAs131"	"unknown"	""	"National Savings & Investments134"	3	""
"Insurances142"	"Insurances142"	"unknown"	""	"Currency & Cash145"	4	""
"Cryptocurrency147"	"Cryptocurrency147"	"unknown"	""	"Other financial assets148"	5	""
"Loans172"	"Loans172"	"unknown"	""	"Household Bills179"	6	""
"Bankruptcy180"	"Bankruptcy180"	"unknown"	""	"Other income (exc. Earnings and Benefits)181"	7	""
"Inheritance197"	"Inheritance197"	"unknown"	""	"Inheritances received197"	8	""
"Trusts209"	"Trusts209"	"unknown"	""	"Questions for settlers (who have put their own assets into a trust)209"	9	""
"Health215"	"Health215"	"unknown"	""	"Status of parents217"	10	""
"Ten1"	"Ten1"	"choice"	""	"How do you own or rent [first line of address]?"	11	""
"StartDat"	"StartDat"	"date"	""	"ENTER DATE INTERVIEW WITH THIS HOUSEHOLD WAS STARTED"	12	""
"DateChk"	"DateChk"	"choice"	""	"IS THIS:"	13	""
"IntrType"	"IntrType"	"choice"	""	"ENTER WHETHER A TELEPHONE OR FACE TO FACE INTERVIEW"	14	""
"CurStat"	"CurStat"	"unknown"	""	"RName or (KITE)Name"	15	""
"MovedWth"	"MovedWth"	"unknown"	""	"Did this person move to the same new address/household as another person already coded?"	16	""
"CountRes"	"CountRes"	"unknown"	""	"ENTER COUNTRY WHERE NOW RESIDENT"	17	""
"KnowDet"	"KnowDet"	"choice"	""	"Which details are known of where this person has moved?"	18	""
"Add1"	"Add1"	"unknown"	""	"What is the first line of the new address, please include the house number or name, and the name of the street or road?"	19	""
"Add2"	"Add2"	"unknown"	""	"What is the second line of the new address?"	20	""
"Add3"	"Add3"	"unknown"	""	"If Add2 = Response - entered a second line of address"	21	""
"Add4"	"Add4"	"unknown"	""	"If Add3 = Response - entered a third line of address"	22	""
"PstTwn"	"PstTwn"	"unknown"	""	"And in which town is the new address?"	23	""
"PostCd"	"PostCd"	"unknown"	""	"If you know it, what is the postcode for this new address?"	24	""
"SurePstC"	"SurePstC"	"unknown"	""	"CODE FOR CERTAINTY OF CORRECT POSTCODE"	25	""
"TeleNumb"	"TeleNumb"	"unknown"	""	"PLEASE ENTER TELEPHONE NUMBER, INCLUDING STD CODE"	26	""
"EmailAdd"	"EmailAdd"	"unknown"	""	"PLEASE ENTER EMAIL ADDRESS"	27	""
"HldStat"	"HldStat"	"choice"	""	"Derived:"	28	""
"SurNme"	"SurNme"	"unknown"	""	"Ask if RSurNme OR (KITE) RSurname = empty - i.e. if new cohort"	29	""
"CorrNam"	"CorrNam"	"unknown"	""	"IS THIS NAME CORRECT?"	30	""
"UpdatNam"	"UpdatNam"	"unknown"	""	"Can I have the correct full name please?"	31	""
"MoreNme"	"MoreNme"	"choice"	""	"Is there anyone else who classes this residence as their main residence?"	32	""
"DteofBth"	"DteofBth"	"date"	""	"What is your date of birth?"	33	""
"June15"	"June15"	"choice"	""	"Is the 15th of June the actual date or an estimate?"	34	""
"AgeIf"	"AgeIf"	"choice"	""	"What was your age last birthday?"	35	""
"DVage"	"DVage"	"unknown"	""	"Derived"	36	""
"xMarSta"	"xMarSta"	"choice"	""	"What is your legal marital status?"	37	""
"MarChk"	"MarChk"	"unknown"	""	"Is your husband /wife / civil partner a member of the household?"	38	""
"LivWth12"	"LivWth12"	"choice"	""	"May I just check, are you living with someone in this household as a couple?"	39	""
"FtEd"	"FtEd"	"choice"	""	"Are you presently in full-time education?"	40	""
"FtEd19"	"FtEd19"	"unknown"	""	"Are you presently in full-time education?"	41	""
"QualChk"	"QualChk"	"choice"	""	"Which of the following best describes the qualification that you are currently working towards? Is it ..."	42	""
"HiHNum"	"HiHNum"	"choice"	""	"You have told me that the following people jointly own or rent the accommodation. Who has the highest income from earnings, benefits, pensions and any other sources?"	43	""
"JntEldA"	"JntEldA"	"choice"	""	"ENTER PERSON NUMBER OF THE ELDEST JOINT HOUSEHOLDER FROM THOSE WITH THE SAME HIGHEST INCOME:"	44	""
"JntEldB"	"JntEldB"	"choice"	""	"ENTER PERSON NUMBER OF THE ELDEST JOINT HOUSEHOLDER"	45	""
"DVHRPNum"	"DVHRPNum"	"choice"	""	"Derived"	46	""
"Relate4"	"Relate4"	"unknown"	""	"End of RELATIONSHIP GRID loop"	47	""
"HCoBa"	"HCoBa"	"choice"	""	"In which country were you born?"	48	""
"HCoBb"	"HCoBb"	"unknown"	""	"What is the other country?"	49	""
"HCoBc"	"HCoBc"	"unknown"	""	"PRESS <SPACE BAR> TO ENTER THE CODING FRAME"	50	""
"HCoB"	"HCoB"	"unknown"	""	"Derived variable"	51	""
"CryFth"	"CryFth"	"choice"	""	"Ask if DVAge>=16"	52	""
"CryFSpc"	"CryFSpc"	"unknown"	""	"What is the other country?"	53	""
"CryFFrm"	"CryFFrm"	"unknown"	""	"PRESS <SPACE BAR> TO ENTER THE CODING FRAME"	54	""
"CryMth"	"CryMth"	"choice"	""	"Ask if DVAge>=16"	55	""
"CryMSpc"	"CryMSpc"	"unknown"	""	"What is the other country?"	56	""
"CryMFrm"	"CryMFrm"	"choice"	""	"PRESS <SPACE BAR> TO ENTER THE CODING FRAME"	57	""
"HseType"	"HseType"	"unknown"	""	"Is this house or bungalow …"	58	""
"FltTyp"	"FltTyp"	"unknown"	""	"Is this flat or maisonette …"	59	""
"Ten1__1"	"Ten1"	"choice"	""	"How do you own or rent this accommodation?"	60	""
"HBedrm"	"HBedrm"	"unknown"	""	"How many bedrooms do you have in this accommodation?"	61	""
"RentExpAm"	"RentExpAm"	"choice"	""	"How much is your usual household rent? Please give this amount before any housing benefit is deducted."	62	""
"RentExpPR"	"RentExpPR"	"choice"	""	"How often do you pay this amount?"	63	""
"RentExpSP"	"RentExpSP"	"unknown"	""	"Specify period rent covers"	64	""
"LLord"	"LLord"	"choice"	""	"Ten1 = 4,5 - respondent rents or lives there rent-free"	65	""
"RentHol"	"RentHol"	"boolean"	""	"Do you have a rent holiday?"	66	""
"RentHoWk"	"RentHoWk"	"choice"	""	"For how many weeks a year do you have a rent holiday?"	67	""
"HHown"	"HHown"	"choice"	""	"Which of the following best describes how you came to own this property outright? Have you…"	68	""
"CTAmt"	"CTAmt"	"choice"	""	"How much Council Tax do you or your household currently pay?"	69	""
"CTInstal"	"CTInstal"	"choice"	""	"Was that the payment for the year, or was it an instalment?"	70	""
"CTTime"	"CTTime"	"choice"	""	"How many instalments are there over the whole year?"	71	""
"CTRG2"	"CTRG2"	"choice"	""	"Have you received the Council Tax Rebate grant which has been introduced for households due to rising energy bills?"	72	""
"MethElec"	"MethElec"	"choice"	""	"(Added 2210)"	73	""
"OtherElec"	"OtherElec"	"unknown"	""	"(Added 2210)"	74	""
"HIntro"	"HIntro"	"unknown"	""	"The next questions are about the value of your property"	75	""
"HShare"	"HShare"	"boolean"	""	"Can I just check, do you share the ownership of this property with anyone other than a member of this household?"	76	""
"HShareP"	"HShareP"	"choice"	""	"Approximately what percentage do you (and other members of this household) own?"	77	""
"HPrice"	"HPrice"	"choice"	""	"Respondent lives at a new address or not owner occupier at previous wave; and buying with the help of a mortgage or paying part rent and part mortgage and (owns address outright and not inherited property) or is buying it with the help of a mortgage or loan or pays part rent and part mortgage)"	78	""
"HPriceB"	"HPriceB"	"unknown"	""	"About how much would you estimate that you (and other members of this household) paid?"	79	""
"HCash"	"HCash"	"boolean"	""	"When you purchased this property, did you receive money from person to help with the purchase? Do not include loans or mortgages from financial institutions."	80	""
"HGift"	"HGift"	"choice"	""	"Was the money you received a gift, was it loaned to you, or was it part gift and part loan?"	81	""
"HGfWho"	"HGfWho"	"unknown"	""	"PROMPT AS NECESSARY - CODE ALL THAT APPLY"	82	""
"HValue"	"HValue"	"choice"	""	"About how much would you expect to get for your current home if you sold it today [, before paying off any outstanding mortgage or loan on the property (if Ten1 = 2,3)]?"	83	""
"HValB"	"HValB"	"unknown"	""	"About how much would you estimate that your home would be worth if you sold it today?"	84	""
"MIntro"	"MIntro"	"unknown"	""	"The next questions are about any mortgages that you have on this property."	85	""
"MNumbN"	"MNumbN"	"choice"	""	"How many mortgages or loans do you currently have outstanding on this property (including any extensions or ‘top-ups’ you have taken out)?"	86	""
"MW2Chk"	"MW2Chk"	"choice"	""	"Last time we interviewed you, we recorded that you had [RMNumb] mortgage(s) of the following type(s)."	87	""
"MExtn"	"MExtn"	"boolean"	""	"In the last two years, have you increased your borrowing by taking out an extension or top-up on an existing mortgage? Please do not include any money received through equity release schemes."	88	""
"MExtRs"	"MExtRs"	"choice"	""	"Which of the following items was the extra borrowing for…"	89	""
"MChge"	"MChge"	"boolean"	""	"And in the last two years, have you taken out any new mortgages on this property?"	90	""
"MChgeNum"	"MChgeNum"	"choice"	""	"How many new mortgages or loans have you taken out on this property?"	91	""
"MNumbO"	"MNumbO"	"choice"	""	"Can I just check, how many mortgages or loans do you currently have outstanding on this property?"	92	""
"MorTID1"	"MorTID1"	"unknown"	""	"MNumbO>0 OR MNumbN>0 - all mortgages"	93	""
"MorPrev1"	"MorPrev1"	"choice"	""	"(MW2Chk[1] = Yes OR MW2Chk[2] = Yes OR MW2Chk[3] = Yes) AND (All of the possible valid options have not already been selected at previous loops) - If there is still an existing mortgage that has not been reported on in an earlier mortgage loop"	94	""
"MName1"	"MName1"	"choice"	""	"Is your [largest/second largest/third largest] mortgage or loan held in one person’s name or held jointly with someone else?"	95	""
"MOname1"	"MOname1"	"unknown"	""	"ASK OR RECORD PERSON NUMBER OF SOLE MORTGAGE OR LOAN HOLDER. ENTER PERSON NUMBER OF HOUSEHOLD MEMBER OR USE CODE 17 FOR PERSON OUTSIDE HOUSEHOLD."	96	""
"MJname"	"MJname"	"unknown"	""	"ASK OR RECORD PERSON NUMBER(S) OF JOINT MORTGAGE OR LOAN HOLDER(S)"	97	""
"MReas"	"MReas"	"choice"	""	"Which of the following items best describe the reasons why you took out this mortgage (remortgage) or loan…"	98	""
"MType1"	"MType1"	"choice"	""	"Which of these options best describes this mortgage or loan secured on your property…"	99	""
"MEndW1"	"MEndW1"	"unknown"	""	"[Can I just check are (if MType1 = 2,3) ; Are (if MType1 <> 2,3)] there any endowment policies covering the repayment of this mortgage or loan?"	100	""
"MEndNum1"	"MEndNum1"	"choice"	""	"How many endowment policies cover the repayment of this mortgage or loan?"	101	""
"MEndV1"	"MEndV1"	"choice"	""	"Thinking about your [first/second/third/fourth/fifth(MChgeNum)] endowment policy, what is the current value of this endowment?"	102	""
"MEndVb1"	"MEndVb1"	"unknown"	""	"About how much would you estimate the current value of this endowment to be?"	103	""
"MEndY1"	"MEndY1"	"choice"	""	"In about how many years time will this endowment pay out?"	104	""
"MAllTy1"	"MAllTy1"	"unknown"	""	"Is your all-in-one account mortgage a current account mortgage – that is it’s combined with current account - or is it an offset mortgage – that is it’s linked to a separate current or savings account?"	105	""
"MNeg1"	"MNeg1"	"choice"	""	"What is the amount of the negative balance or overdraft on your current account for this mortgage? This is the balance on your current account once the total debt has been reduced by any savings in the account."	106	""
"MNegB1"	"MNegB1"	"unknown"	""	"About how much would you estimate the negative balance or overdraft on your current account to be?"	107	""
"MVal1"	"MVal1"	"unknown"	""	"What is the amount still outstanding on this mortgage, or loan – that is, how much do you still have to pay off [, (before deducting the value of your endowment) (if MEndw1 = 1 OR MType1 <> 1)]?"	108	""
"MValB1"	"MValB1"	"choice"	""	"About how much would you estimate is the amount outstanding on your mortgage or loan?"	109	""
"MYLft1"	"MYLft1"	"choice"	""	"For all mortgages that have not been paid off"	110	""
"MPayM1"	"MPayM1"	"choice"	""	"How much are your monthly repayments for [your share of (if MName1=2)] this mortgage, including [the interest and premiums on your endowments and (if MEndW1=1)] any insurance premiums?"	111	""
"MPayB1"	"MPayB1"	"unknown"	""	"About how much would you estimate the monthly repayments on your mortgage to be?"	112	""
"MIntPaid1"	"MIntPaid1"	"boolean"	""	"For all mortgages that are not a current account mortgage"	113	""
"MIntRate1"	"MIntRate1"	"unknown"	""	"What is the interest rate on your mortgage at present?"	114	""
"MArrs1"	"MArrs1"	"unknown"	""	"Still thinking about the repayments on this mortgage, are you currently…"	115	""
"MArrsV1"	"MArrsV1"	"choice"	""	"How much do you think you owe now on missed or overdue payments?"	116	""
"MArr2Yr1"	"MArr2Yr1"	"boolean"	""	"In the last two years have you fallen one or more consecutive payments behind on this mortgage or loan?"	117	""
"DBurdH"	"DBurdH"	"unknown"	""	"To what extent is keeping up with all of the mortgage or loan repayments and interest payments a financial burden to your household? Would you say it was…"	118	""
"EqOld"	"EqOld"	"choice"	""	"At the last interview, you said that you had made an arrangement to raise money using the value of your home. Do you still have this arrangement?"	119	""
"EqNew"	"EqNew"	"boolean"	""	"In the last two years, have you made any new arrangements to raise income or capital from the value of your current home?"	120	""
"EqYes"	"EqYes"	"boolean"	""	"It is possible to raise money based on the value of your home through an arrangement known as equity release. Have you [or your [husband / wife (if Sex = Female / Male AND if xMarSta =2)] / or your partner (if xMarSta =6)] raised any income or capital from the value of your current home?"	121	""
"EqReas"	"EqReas"	"choice"	""	"What were your reasons for taking out this equity release arrangement…"	122	""
"EqReasO"	"EqReasO"	"unknown"	""	"Please specify other reason(s)"	123	""
"EqLoanV"	"EqLoanV"	"choice"	""	"What was the total value of the loan?"	124	""
"EqLoanB"	"EqLoanB"	"choice"	""	"How much was the approximate value of the loan?"	125	""
"GCPream"	"GCPream"	"unknown"	""	"In order to build up a picture of your household assets, the next questions are about your household goods and any vehicles that you may have."	126	""
"GCollec"	"GCollec"	"boolean"	""	"Do you [or anyone in your household (if DVHsize > 1)] own any collectibles or valuables – such as antiques, artworks, stamps etc – including items stored or kept elsewhere?"	127	""
"GCollV"	"GCollV"	"choice"	""	"What is your estimate of the current market value of these items, even if you do not intend to sell them?"	128	""
"GCollVb"	"GCollVb"	"choice"	""	"What is the approximate market value of these items?"	129	""
"GContVb"	"GContVb"	"choice"	""	"[Thinking about the other items in this property that (if GCollec = Yes)] [you own (if Household Size = 1) ; are owned by you or other members of your household (if Household Size > 1))], what is the approximate replacement value of your household contents?"	130	""
"VCarN"	"VCarN"	"choice"	""	"How many cars, vans or motorbikes, if any, do you [or members of your household] own? Please exclude lease vehicles, company vehicles and mobility cars."	131	""
"VType"	"VType"	"choice"	""	"Thinking about your vehicle(s), do they include…"	132	""
"VEstV"	"VEstV"	"choice"	""	"What is the estimated total market value of your vehicle(s)? Please exclude the lease, company or mobility vehicles and the value of any personalised number plates."	133	""
"VEsVb"	"VEsVb"	"choice"	""	"What do you think is the approximate market value of (all) of your vehicles? Please exclude lease, company or Mobility vehicles and the value of any personalised number plates."	134	""
"VPers"	"VPers"	"boolean"	""	"Do you [, (or other members of your household), (if DMHSize > 1)] own any personalised or valuable number plates?"	135	""
"VPerV"	"VPerV"	"choice"	""	"About how much are (all) the personalised number plates worth?"	136	""
"VOTyp"	"VOTyp"	"choice"	""	"Do you [, (or other members of your household), (if DMHSize > 1)] own any of the following…"	137	""
"VOTyO"	"VOTyO"	"unknown"	""	"ENTER DETAILS OF OTHER VEHICLE"	138	""
"VOVal"	"VOVal"	"choice"	""	""	139	""
"VOVlB"	"VOVlB"	"choice"	""	"INDIVIDUAL QUESTIONNAIRE"	140	""
"ISwitch"	"ISwitch"	"choice"	""	"<PLEASE PRESS <F2> TO SAVE THE INTERVIEW SO FAR"	141	""
"PersProx"	"PersProx"	"choice"	""	"IS THE INTERVIEW ABOUT NAMES[i] BEING GIVEN:"	142	""
"ProxyNum"	"ProxyNum"	"unknown"	""	"ENTER PERSON NUMBER OF PERSON GIVING THE INFORMATION"	143	""
"YNtPart"	"YNtPart"	"unknown"	""	"THIS PERSON HAS A SPOUSE/PARTNER. PLEASE RECORD WHY THEY ARE NOT AVAILABLE TO GIVE A PROXY INTERVIEW FOR THIS PERSON"	144	""
"YNtHhld"	"YNtHhld"	"unknown"	""	"PLEASE RECORD WHY SOMEONE OUTSIDE OF THE HOUSEHOLD IS GIVING A PROXY INTERVIEW FOR THIS PERSON"	145	""
"YNtPers"	"YNtPers"	"unknown"	""	"PLEASE RECORD REASON WHY ORIGINAL RESPONDENT IS NOT AVAILABLE FOR THIS (INDIVIDUAL) INTERVIEW"	146	""
"RelnHH"	"RelnHH"	"unknown"	""	"PLEASE ENTER RELATIONSHIP OF THE PERSON GIVING THE INFORMATION TO THE ORIGINAL RESPONDENT (E.G. SON/DAUGHTER/CARER)"	147	""
"EthEa"	"EthEa"	"choice"	""	"What is your ethnic group? I will read out the options, choose one option that best describes your ethnic group or background."	148	""
"EthE"	"EthE"	"choice"	""	"Which one best describes your [White (If EthEa=1); Mixed (If EthEa=2); Asian (If EthEa=3); Black (If EthEa=4); Other (If EthEa=5)] ethnic group or background?"	149	""
"EthWa"	"EthWa"	"choice"	""	"What is your ethnic group? I will read out the options, choose one option that best describes your ethnic group or background."	150	""
"EthW"	"EthW"	"choice"	""	"Which one best describes your [White (If EthWa=1); Mixed (If EthWa =2); Asian (If EthWa =3); Black (If EthWa =4); Other (If EthWa =5)] ethnic group or background?"	151	""
"EthSa"	"EthSa"	"choice"	""	"What is your ethnic group? I will read out the options, choose one option that best describes your ethnic group or background."	152	""
"EthS"	"EthS"	"choice"	""	"Which one best describes your [White (If EthSa =1); Mixed (If EthSa =2); Asian (If EthSa =3); Black (If EthSa =4); Other (If EthSa =5)] ethnic group or background?"	153	""
"EthOth"	"EthOth"	"unknown"	""	"Please can you describe your ethnic group?"	154	""
"Eth02"	"Eth02"	"unknown"	""	"PRESS <SPACE BAR> TO ENTER THE CODING FRAME"	155	""
"DVEthnic"	"DVEthnic"	"unknown"	""	"Derived variable"	156	""
"SIDFtFQn"	"SIDFtFQn"	"unknown"	""	"For [respondent name] please use [showcard number]."	157	""
"SIDTelQn"	"SIDTelQn"	"choice"	""	"I will now read out a list of terms people sometimes use to describe how they think of themselves."	158	""
"ReligE"	"ReligE"	"unknown"	""	"What is your religion?"	159	""
"ReligW"	"ReligW"	"choice"	""	"What is your religion?"	160	""
"ReligS"	"ReligS"	"choice"	""	"What is your religion?"	161	""
"ReligSpec"	"ReligSpec"	"unknown"	""	"Please describe your Religion."	162	""
"ReligO"	"ReligO"	"unknown"	""	"Press <Space bar> to enter the coding frame"	163	""
"DVRelig"	"DVRelig"	"unknown"	""	"Derived variable using ReligE, ReligS and ReligW"	164	""
"SubWelpre"	"SubWelpre"	"unknown"	""	"Next I would like to ask you five questions about your feelings on aspects"	165	""
"Subpre2"	"Subpre2"	"unknown"	""	"For each of these questions I'd like you to give an answer on a scale of nought to 10, where nought is 'not at all' and 10 is 'completely'."	166	""
"TrustOth"	"TrustOth"	"boolean"	""	"On a scale where nought is 'do not trust at all' and 10 is 'trust completely', to what extent would you say that you trust other people?"	167	""
"SchemeET"	"SchemeET"	"boolean"	""	"Can I just check, were you on a government scheme for employment training?"	168	""
"JbAway"	"JbAway"	"choice"	""	"Even though you were not doing paid work or employment training in the week ending Sunday the [(DATE)], did you have a job or business that you were away from (and that you expect to return to)?"	169	""
"OwnBus"	"OwnBus"	"boolean"	""	"Did you do any unpaid work in that week (ending Sunday the [(DATE)]) for any business that you own?"	170	""
"RelBus"	"RelBus"	"boolean"	""	"....or that a relative owns?"	171	""
"StartJ"	"StartJ"	"boolean"	""	"If you had been offered a job in the week ending Sunday the [(DATE)], would you be able to start before Sunday [second DATE] – 2 weeks later?"	172	""
"LKTime"	"LKTime"	"choice"	""	"How long have you been looking for paid work or a place on a government training scheme (or an additional or replacement job)?"	173	""
"YInAct"	"YInAct"	"choice"	""	"What was the main reason you [did not seek any work or government training scheme in the week ending Sunday the [(DATE)] (if Looked=2); would not be able to start before [(second DATE)] (if StartJ=2)]?"	174	""
"DVILO3a"	"DVILO3a"	"choice"	""	"Whether employed incl unpaid family workers"	175	""
"DVILO4a"	"DVILO4a"	"choice"	""	"Whether employed incl unpaid family workers"	176	""
"WkBetw"	"WkBetw"	"boolean"	""	"Can I just check, have you had a paid job either as an employee or self-employed in the last two years?"	177	""
"MRecJb"	"MRecJb"	"boolean"	""	"When we interviewed you on [RStartDat] you were working/ about to start work as a [ROccT]. Is this your most recent job either as an employee or as self-employed?"	178	""
"SamJob"	"SamJob"	"boolean"	""	"When we interviewed you on [RStartDat] you were working / about to start work as a [ROccT]. Is this still your main job?"	179	""
"SamEmp"	"SamEmp"	"boolean"	""	"And are you still working for the same employer?"	180	""
"PerNoWk"	"PerNoWk"	"boolean"	""	"In the last two years, have you had any periods of unemployment or reduced pay?"	181	""
"EverWk"	"EverWk"	"boolean"	""	"Have you ever had a paid job, apart from casual or holiday work?"	182	""
"CasWrk"	"CasWrk"	"boolean"	""	"May I just check, have you ever done any casual or holiday work?"	183	""
"DtJbL"	"DtJbL"	"unknown"	""	"When did you leave your last paid job?"	184	""
"NumJob"	"NumJob"	"unknown"	""	"How many jobs, for pay or profit, do you have?"	185	""
"PreA"	"PreA"	"unknown"	""	"The following questions refer to your main job."	186	""
"PreL"	"PreL"	"unknown"	""	"The following questions refer to your most recent main job."	187	""
"SameJob"	"SameJob"	"unknown"	""	"I need to check whether your details are the same as at the last time we called. [Thinking of the seven days ending Sunday the (n)/ thinking of your last job,] are these statements (still) correct…"	188	""
"DVSame"	"DVSame"	"choice"	""	"Derived – No difference to job"	189	""
"IndD"	"IndD"	"choice"	""	"What did the firm/ organisation you worked for mainly make or do (at the place where you worked)?"	190	""
"Sectr2"	"Sectr2"	"choice"	""	"What kind of non-private organisation is it?"	191	""
"OccT"	"OccT"	"date"	""	"What was your (main) job (in the week ending Sunday the [(DATE)])?"	192	""
"OccD"	"OccD"	"choice"	""	"What did you mainly do in your job?"	193	""
"SVise"	"SVise"	"boolean"	""	"In your job, did you have formal responsibility for supervising the work of other employees?"	194	""
"SViseDsc"	"SViseDsc"	"unknown"	""	"Please describe the type of responsibility you have for supervising the work of other employees."	195	""
"EmpN"	"EmpN"	"choice"	""	"How many people worked for your employer at the place where you worked?"	196	""
"SemN"	"SemN"	"choice"	""	"How many people did you employ/are employed in this business?"	197	""
"OneTen"	"OneTen"	"choice"	""	"- 1 to 10 employees in respondents business and is not in the same job as the previous wave"	198	""
"FtPtWk"	"FtPtWk"	"choice"	""	"In your (main) job were you working..."	199	""
"WkHrs"	"WkHrs"	"choice"	""	"How many hours per week do you usually work in your (main) job? Please exclude meal breaks."	200	""
"WkHrsIr"	"WkHrsIr"	"choice"	""	"On average, about how many hours per week do you work, excluding meal breaks?"	201	""
"SPaReas"	"SPaReas"	"unknown"	""	"Penflag=1 AND DVILO3A=1 AND PersProx=1 (over SPa and working, except proxies)"	202	""
"SPAReasO"	"SPAReasO"	"unknown"	""	"Please specify other reason not mentioned."	203	""
"WrkRed"	"WrkRed"	"unknown"	""	"Have your working patterns changed in the past year?"	204	""
"WrkCha"	"WrkCha"	"choice"	""	"You stated that your work patterns have changed, are you currently using any of the following arrangements?"	205	""
"WrkUse"	"WrkUse"	"choice"	""	"Penflag=1 AND DVILO3A=1 AND PersProx=1 (over SPa and working, except proxies)"	206	""
"EmpStY"	"EmpStY"	"choice"	""	"In which year did you start working continuously for your current employer?"	207	""
"SEmpStY"	"SEmpStY"	"choice"	""	"In which year did you [start working continuously as a self-employed person (if DVILO4a = 1 - currently at work AND Stat = 2) ; start your most recent period of self-employment? (DVILO4a <> 1- if not currently at work AND Stat = 2 at last job)]"	208	""
"PermJb"	"PermJb"	"choice"	""	"What type of contract do you hold in your main job?"	209	""
"PNoWk"	"PNoWk"	"boolean"	""	"Looking back at the time since you finished continuous full-time education, have you had any periods of six months or more when you were not in paid work, either because you could not find a job or were not looking for paid work?"	210	""
"PNoWkLn"	"PNoWkLn"	"unknown"	""	"About how many years in total have you been out of paid work since you finished full-time education?"	211	""
"EdAttn1"	"EdAttn1"	"unknown"	""	"Do you have any educational qualifications for which you received a certificate?"	212	""
"EdAttn2"	"EdAttn2"	"boolean"	""	"Do you have any professional, vocational or other work-related qualifications for which you received a certificate?"	213	""
"EdAttn3"	"EdAttn3"	"choice"	""	"Was your highest qualification..."	214	""
"BType1"	"BType1"	"unknown"	""	"Now, thinking of your [main/second/third (NumJob > 1)] job, which one of these best describes your employment situation in this job …"	215	""
"BDirNI1"	"BDirNI1"	"unknown"	""	"In this job, are your National Insurance contributions deducted at source?"	216	""
"BOwn1"	"BOwn1"	"unknown"	""	"Do you own part of this business?"	217	""
"BAccsA1"	"BAccsA1"	"unknown"	""	"In this business, are annual accounts prepared?"	218	""
"BAccsB1"	"BAccsB1"	"unknown"	""	"Do you prepare annual business accounts?"	219	""
"BAccBeg1"	"BAccBeg1"	"choice"	""	"What is the most recent period for which accounts have been prepared?"	220	""
"BAccBegM1"	"BAccBegM1"	"unknown"	""	"If BaccBeg1 = Response (year has been entered)"	221	""
"BProfit1"	"BProfit1"	"choice"	""	"What was [your (if BType= 2,5) / your share in the ((if BType = 3,4))] profit or loss figure shown on these accounts for this period? It would be helpful if you could refer to a document, such as the annual accounts, or the Notice of Tax Assessment from HM Revenue and Customs."	222	""
"BPrfLoss1"	"BPrfLoss1"	"unknown"	""	"Did the answer in the previous question refer to profit or loss?"	223	""
"BALand"	"BALand"	"unknown"	""	"Does your company own land or buildings for use in the business?"	224	""
"BVal1"	"BVal1"	"choice"	""	"If you sold [your (if BType= 2,5) / your share in the (if BType = 3,4)] business today, including any debts or liabilities, about how much would you get?"	225	""
"BValB1"	"BValB1"	"choice"	""	"How much would you estimate you would get for the business?"	226	""
"BADebtYN"	"BADebtYN"	"unknown"	""	"Excluding debts for the purchase of goods for household use, do you have any business debts associated with investments, buildings and land?"	227	""
"BADebtTerm"	"BADebtTerm"	"unknown"	""	"Are these debts..."	228	""
"BADoust"	"BADoust"	"unknown"	""	"Do you have any outstanding trade debts or credits?"	229	""
"BADamt"	"BADamt"	"unknown"	""	"BADoust = 1 (respondent answered yes to outstanding trade debts)"	230	""
"BACamt"	"BACamt"	"unknown"	""	"BADoust = 2 (respondent answered yes to outstanding trade credits)"	231	""
"BARed"	"BARed"	"unknown"	""	"In the past 2 years, how much was paid in redundancy payments to employees of your firm or business?"	232	""
"BAShare"	"BAShare"	"unknown"	""	"What share of the business do you personally own?"	233	""
"BPast"	"BPast"	"boolean"	""	"In the last two years, have you personally received any income from selling all or part of a business?"	234	""
"BSellYr"	"BSellYr"	"choice"	""	"In which year did you sell your business, or part of a business?"	235	""
"BSellAm"	"BSellAm"	"choice"	""	"How much income did you receive from selling your business, or part of a business?"	236	""
"BSellAB"	"BSellAB"	"choice"	""	"How much would you estimate you received from selling your business, or part of a business?"	237	""
"BSellTx"	"BSellTx"	"choice"	""	"And was this amount before or after tax?"	238	""
"BMoreBus"	"BMoreBus"	"unknown"	""	"Can I just check, …"	239	""
"BMoreNum"	"BMoreNum"	"choice"	""	"How many [other (If BType1 = 2,4 (Sole director or Partner in a business) OR BOwn1 = yes (owns part of business)] businesses do you own all or part of as an active or sleeping partner?"	240	""
"BWorth"	"BWorth"	"choice"	""	"About how much is your share of [this business/these businesses] worth after deducting any outstanding debts?"	241	""
"BWorthB"	"BWorthB"	"unknown"	""	"How much would you estimate your share of [this business (if BMoreNum = 1) / these businesses (if BMoreNum <> 1)] is worth [in total]?"	242	""
"IntroIncEm"	"IntroIncEm"	"unknown"	""	"AND"	243	""
"IntroIncEm2"	"IntroIncEm2"	"unknown"	""	"AND PenFlag = 0 - respondent is under state pension age"	244	""
"AnticPay"	"AnticPay"	"unknown"	""	"AND"	245	""
"PayDat"	"PayDat"	"unknown"	""	"OR"	246	""
"NetPay"	"NetPay"	"choice"	""	"[What was your last take home pay / what will be your take home pay] including overtime, bonus, commission, tips or other payments?"	247	""
"NetPd"	"NetPd"	"unknown"	""	"How long a period does this cover?"	248	""
"NetEst"	"NetEst"	"choice"	""	"What would you estimate your last take home pay to be, after all deductions?"	249	""
"GrossPay"	"GrossPay"	"choice"	""	"How much was your last gross pay from your main job [how much will your gross pay from your main job be] before all deductions (this can be weekly, monthly or any other pay period)?"	250	""
"GrossPd"	"GrossPd"	"unknown"	""	"How long a period does this cover?"	251	""
"GrossEst"	"GrossEst"	"choice"	""	"What would you estimate your last gross earnings to be, before any deductions?"	252	""
"PayUsl"	"PayUsl"	"unknown"	""	"THIS SHOULD BE CODED 2 IF THE LAST TAKE HOME PAY INCLUDED HOLIDAY PAY, BACK PAY, AN OCCASIONAL BONUS, IRREGULAR OVERTIME OR A TAX REFUND"	253	""
"WhyNoUsl"	"WhyNoUsl"	"unknown"	""	"Why was your last pay not usual?"	254	""
"UNett"	"UNett"	"choice"	""	"What do you usually receive AFTER all deductions?"	255	""
"UGross"	"UGross"	"choice"	""	"What do you usually receive BEFORE all deductions but including other payments?"	256	""
"UPd"	"UPd"	"choice"	""	"How often are you usually paid?"	257	""
"BonAm"	"BonAm"	"choice"	""	"BONUS [number (LBEmpPay1)]"	258	""
"BoBATax"	"BoBATax"	"unknown"	""	"BONUS [number (LBEmpPay1)]"	259	""
"SEInt"	"SEInt"	"unknown"	""	"NOT(BType1[main job] = 2,3 AND BDirNI1 [main job] = 1) AND"	260	""
"SEAmt"	"SEAmt"	"unknown"	""	"NOT(BType1[main job] = 2,3 AND BDirNI1 [main job] = 1) AND"	261	""
"SEPer"	"SEPer"	"choice"	""	"What period does this cover?"	262	""
"SEAmK"	"SEAmK"	"choice"	""	"I am going to ask you to estimate your average income. Would you prefer to give this estimate weekly or monthly?"	263	""
"SEEsW"	"SEEsW"	"choice"	""	"What would you estimate your average weekly income to be, after deductions?"	264	""
"SEEsM"	"SEEsM"	"choice"	""	"What would you estimate your average monthly income to be, after deductions?"	265	""
"GrsSEMJB"	"GrsSEMJB"	"unknown"	""	"NOT(BType1[main job] = 2,3 AND BDirNI1 [main job] = 1) AND"	266	""
"GrossPer"	"GrossPer"	"unknown"	""	"What period does this cover?"	267	""
"GrsAmk"	"GrsAmk"	"unknown"	""	"I am going to ask you to estimate your average income. Would you prefer to give this estimate weekly or monthly?"	268	""
"GrSEEsW"	"GrSEEsW"	"choice"	""	"What would you estimate your average weekly income to be, before deductions?"	269	""
"GrSEEsM"	"GrSEEsM"	"choice"	""	"What would you estimate your average monthly income to be, before deductions?"	270	""
"SEAmL"	"SEAmL"	"choice"	""	"On average, how much have you been losing weekly or monthly (or annually) from the business/ your work over the last 12 months, after deducting all business expenses?"	271	""
"SEPeL"	"SEPeL"	"choice"	""	"What period does this cover?"	272	""
"SJob2"	"SJob2"	"unknown"	""	"[Apart from your main job] do you earn any money from other jobs, from odd jobs or from work that you do from time to time?"	273	""
"SjEmp1"	"SjEmp1"	"unknown"	""	"In that job/ those jobs do you work as an employee or are you self-employed?"	274	""
"SjNet"	"SjNet"	"choice"	""	"In the last month, how much did you earn from your other/occasional job(s) [as an employee] after deductions for tax and National Insurance i.e. net?"	275	""
"SjGrs"	"SjGrs"	"choice"	""	"In the last month, how much did you earn from your other/occasional job(s) [as an employee] before deductions for tax and National Insurance i.e. gross?"	276	""
"Sj12N"	"Sj12N"	"choice"	""	"In the last 12 months, that is since [date 1 year ago], how much have you earned per month on average as an employee from your other/occasional job(s) after deductions for tax and National Insurance (i.e. net)?"	277	""
"Sj12G"	"Sj12G"	"choice"	""	"In the last 12 months, that is since [date 1 year ago], how much have you earned on average per month as an employee from your other/occasional job(s) before deductions for tax and National Insurance (i.e. gross)?"	278	""
"SjSeG"	"SjSeG"	"choice"	""	"In the last 12 months, that is since [date (1 year ago DMDiLYEAR)], how much have you earned from this (self-employed) work, before deducting income tax, and National Insurance contributions, and money drawn for your own use but after deducting all business expenses?"	279	""
"SjSeN"	"SjSeN"	"choice"	""	"And in the last 12 months, how much have you earned from this (self-employed) work, after deducting income tax and National Insurance contributions?"	280	""
"WAgeBen"	"WAgeBen"	"unknown"	""	"Are you at present receiving any of these state benefits in your own right: that is, where you are the named recipient?"	281	""
"DisBen"	"DisBen"	"unknown"	""	"Are you at present receiving any of these state benefits in your own right: that is, where you are the named recipient?"	282	""
"DisBADP"	"DisBADP"	"choice"	""	"Is your payment…"	283	""
"PIPType"	"PIPType"	"unknown"	""	"Ask if DisBen = 1"	284	""
"PIPMota"	"PIPMota"	"unknown"	""	"Ask if (PIPType = 2,3)"	285	""
"DisBCDP"	"DisBCDP"	"unknown"	""	"Is your payment…"	286	""
"CDPType"	"CDPType"	"unknown"	""	"There are two types of Child Disability Payment. Is yours…"	287	""
"CDPMota"	"CDPMota"	"unknown"	""	"Is your Child Disability Payment the car allowance known as Motability?"	288	""
"DLAType"	"DLAType"	"unknown"	""	"Ask if DisBen = 2"	289	""
"DLAMota"	"DLAMota"	"unknown"	""	"Ask if DLAType = 2,3"	290	""
"PenBen"	"PenBen"	"unknown"	""	"Are you at present receiving any of these state benefits in your own right: that is, where you are the named recipient?"	291	""
"BspFirst"	"BspFirst"	"unknown"	""	"Ask if PenBen = 3"	292	""
"BspFirstAm"	"BspFirstAm"	"choice"	""	"Ask if BspFirst = 1"	293	""
"DefrPen"	"DefrPen"	"unknown"	""	"Ask if (NOT(2 IN PenBen) AND NOT(3 IN PenBen) AND (PenFlag = 1))"	294	""
"DefrPEx"	"DefrPEx"	"unknown"	""	"Ask if (DefrPen = 2)"	295	""
"KidBen"	"KidBen"	"unknown"	""	"Ask if Intro = 1"	296	""
"CBChk"	"CBChk"	"unknown"	""	"Ask if (NOT(1 IN KidBen) AND (NDepC > 0))"	297	""
"SocFund"	"SocFund"	"choice"	""	"Ask if Intro = 1"	298	""
"COLPAmt"	"COLPAmt"	"choice"	""	"(Added 2210)"	299	""
"OtherBen"	"OtherBen"	"unknown"	""	"Ask if Intro = 1"	300	""
"OthName"	"OthName"	"unknown"	""	"Ask if OtherBen = 2"	301	""
"BenLettr"	"BenLettr"	"unknown"	""	"Ask for each benefit reported at WAgeBen, DisBen, PenBen, KidBen, SocFund, OtherBen – not asked if LALType = 1"	302	""
"BankStmt"	"BankStmt"	"unknown"	""	"Ask if (BenLettr = 2)"	303	""
"BenAmt"	"BenAmt"	"choice"	""	"Ask for each benefit reported at WAgeBen, DisBen, PenBen, KidBen, SocFund, OtherBen – not asked if LALType = 1"	304	""
"BenAmtDK"	"BenAmtDK"	"unknown"	""	"Ask if BenAmt = DK"	305	""
"BenPd"	"BenPd"	"unknown"	""	"Ask if BenAmt > 0"	306	""
"JSAType"	"JSAType"	"unknown"	""	"There are two types of Jobseeker’s Allowance. Is your allowance…"	307	""
"ESAType"	"ESAType"	"unknown"	""	"There are two types of Employment Support Allowance. Is your allowance…"	308	""
"CaPer"	"CaPer"	"unknown"	""	"Who is the person you care for that qualifies you for the Carer’s Allowance?"	309	""
"WHRePCar"	"WHRePCar"	"unknown"	""	"Who do you receive the daily living component of Personal Independence Payment for?"	310	""
"WHRePMob"	"WHRePMob"	"unknown"	""	"Who do you receive the mobility component of Personal Independence Payment for?"	311	""
"WHReDCar"	"WHReDCar"	"unknown"	""	"Who do you receive the care component of Disability Living Allowance for?"	312	""
"WHReDMob"	"WHReDMob"	"unknown"	""	"Who do you receive the mobility component of Disability Living Allowance for?"	313	""
"WhoRec"	"WhoRec"	"unknown"	""	"Who do you receive Attendance Allowance for?"	314	""
"GetCA"	"GetCA"	"unknown"	""	"Is there anyone getting Carer’s Allowance for looking after you?"	315	""
"PComp"	"PComp"	"unknown"	""	"Is there anyone getting Carer’s Allowance for looking after you?"	316	""
"CBTax"	"CBTax"	"unknown"	""	"Can I check, do you or someone else in the household pay a high income Child Benefit tax charge on the Child Benefit you receive?"	317	""
"CBTaxAmt"	"CBTaxAmt"	"choice"	""	"How much was this last time?"	318	""
"CBTaxPD"	"CBTaxPD"	"unknown"	""	"How long a period did this cover?"	319	""
"ExtBenAmt"	"ExtBenAmt"	"unknown"	""	"How much was the extended payment of Housing Benefit/ rent rebate?"	320	""
"GovPay"	"GovPay"	"unknown"	""	"Are the DWP paying directly for any of the following things?"	321	""
"GovBen"	"GovBen"	"unknown"	""	"And which benefit has been reduced, as a result?"	322	""
"GovAmt"	"GovAmt"	"unknown"	""	"How much in total is the DWP paying for this / these things per week?"	323	""
"GovBefor"	"GovBefor"	"unknown"	""	"Just now, you said you received ^LDWP benefit last time. Was that.."	324	""
"SFRepay"	"SFRepay"	"unknown"	""	"Are you at present making any repayments on any Budgeting loans / Advances or Local Authority loans?"	325	""
"RepayAmt"	"RepayAmt"	"choice"	""	"How much in total do you repay, per week?"	326	""
"SFInc"	"SFInc"	"unknown"	""	"Just now you said you received [list of amounts for each of Income Support, JSA, ESA, Universal Credit, Pension Credit] benefit last time. Was that…"	327	""
"ComBAm"	"ComBAm"	"choice"	""	"You have stated that you receive some benefits in combination. How much did you get altogether last time?"	328	""
"LoanNum"	"LoanNum"	"choice"	""	"You said earlier that you had [a budgeting loan or budgeting advance from DWP and a loan or grant from your Local Authority (if (Country = Wales OR Country = England) AND (DWPloan IN SocFund) AND (LAloan IN SocFund)) / a budgeting loan or budgeting advance from DWP (if (Country = Wales OR Country = England OR Country = Scotland) AND (DWPloan IN SocFund)) / a loan or grant from your Local Authority (if (Country = Wales OR Country = England) AND (LAloan IN SocFund)) / a budgeting loan or budgeting advance from DWP and a loan or grant from your Local Authority, including a Crisis Grant or Community Care Grant from the Scottish Welfare Fund (if (Country = Scotland) AND (DWPloan IN SocFund) AND (LAloan IN SocFund)) / a loan or grant from your Local Authority, including a Crisis Grant or Community Care Grant from the Scottish Welfare Fund (if (Country = Scotland) AND (LAloan IN SocFund))]"	329	""
"LoanAmt"	"LoanAmt"	"choice"	""	"About how much did you borrow?"	330	""
"ComBPd"	"ComBPd"	"unknown"	""	"How long does this cover?"	331	""
"TtBPrx"	"TtBPrx"	"choice"	""	"If ((97 IN WAgeBen) OR (97 IN DisBen) OR (97 IN PenBen) OR (97 IN KidBen) OR (97 IN SocFund) OR (97 IN OtherBen)) - respondent selected one of these/ more than one of these, but I don’t know which option for the benefits given."	332	""
"OPenInt"	"OPenInt"	"unknown"	""	"The next section is about attitudes towards saving for retirement."	333	""
"OUnder"	"OUnder"	"unknown"	""	"Remind respondent of the scale if necessary: from 1 'Strongly agree' to 5 'Strongly disagree’"	334	""
"OAccess"	"OAccess"	"unknown"	""	"REMIND RESPONDENT OF THE SCALE IF NECESSARY: FROM 1 'STRONGLY AGREE' TO 5 'STRONGLY DISAGREE’"	335	""
"MorSavRe"	"MorSavRe"	"choice"	""	"Which of these pension saving options would enable you to save more for retirement…"	336	""
"OSaferet"	"OSaferet"	"choice"	""	"[*] Which of these options do you think would be the safest way to save for retirement..."	337	""
"OMakeMost"	"OMakeMost"	"choice"	""	"[*] And which one do you think could potentially make the most of your money…"	338	""
"OTrustN"	"OTrustN"	"choice"	""	"[*] Which of these would you trust for advice about saving for retirement…"	339	""
"SBIntro"	"SBIntro"	"unknown"	""	"Now I'm going to ask some questions about any pension arrangements you have, these may be from employment or personal pension arrangements. Please note that here we are excluding the state retirement pension."	340	""
"SBActNow"	"SBActNow"	"boolean"	""	"Are you, [your employer (if DVILO3a= InEmp AND Stat = Employee)] or anyone else on your behalf currently making regular contributions to any pension schemes?"	341	""
"SBPUn"	"SBPUn"	"choice"	""	"Have you, an employer or anyone else contributed to any [other (if SBActNow = 1)] pension schemes in the past that you have not yet received any money from?"	342	""
"SBPinPNow"	"SBPinPNow"	"choice"	""	"Are you currently receiving any regular pension payments? [Again do not consider State Pension payments in your response (if DVAge >54)]"	343	""
"SBPinPPast"	"SBPinPPast"	"choice"	""	"Have you ever received any money from a pension scheme? [(other than the State Pension) (if PenBen = ‘State Retirement Pension')] This could have been in the form of regular payments or as lump sum."	344	""
"SBPPa"	"SBPPa"	"choice"	""	"[Excluding the pensions you are in receipt of, do (if SBPinPNow = 1 OR SBPinPPast = 1); Do (if SBPinPNow = 2 AND SBPinPPast = 2)] you expect to receive a pension from any schemes that someone else has contributed to? This could be from a previous spouse or partner even if they currently live in another household."	345	""
"SBOutro"	"SBOutro"	"boolean"	""	"Thank you, with this information I can tailor the rest of the section to questions about:"	346	""
"SBOutroCheck"	"SBOutroCheck"	"choice"	""	"SIGNAL: If SBOutro = 2 (No) - Signal text ‘Please go back and change the information, then change SBOutro to Yes’"	347	""
"SBOutroNo"	"SBOutroNo"	"unknown"	""	"Thank you - based on your circumstances there is no need to ask any more pension-related questions."	348	""
"ActIntro"	"ActIntro"	"unknown"	""	"Next I am going to ask you some questions about pension schemes you or someone on your behalf are currently contributing to."	349	""
"ActTyp"	"ActTyp"	"choice"	""	"Thinking about the pensions you or someone on your behalf [are currently contributing to, do you have..."	350	""
"ActEPNum"	"ActEPNum"	"choice"	""	"How many employer or workplace pensions are you, an employer or someone on your behalf currently contributing to? (if SBActNow = Yes)"	351	""
"ActEPHigh"	"ActEPHigh"	"unknown"	""	"Now, I'm going to ask you about your two highest value employer pension schemes."	352	""
"ActEPName"	"ActEPName"	"unknown"	""	"What is the name of your [highest / second highest (ActEPNum >1)] value employer pension scheme?"	353	""
"ActEPJb"	"ActEPJb"	"choice"	""	"Is your [ActEPName] pension related to your main job [as main job name (if occt = response)] or second job?"	354	""
"ActEPSec"	"ActEPSec"	"choice"	""	"Is the employer that your [ActEPName] pension is related to…"	355	""
"ActEPTyp"	"ActEPTyp"	"choice"	""	"Now I am going to ask you which type of employer pension you have. There are two main types:"	356	""
"ActEPIntro"	"ActEPIntro"	"unknown"	""	"The next questions are about the value of your [ActEPName] pension. It would be helpful to look at a recent pension statement if you have one."	357	""
"ActEPDBYrSt"	"ActEPDBYrSt"	"choice"	""	"What year did you start making contributions to your [ActEPName] pension?"	358	""
"ActEPAge"	"ActEPAge"	"choice"	""	"From what age can you access your [ActEPName] pension?"	359	""
"ActEPJbAmt"	"ActEPJbAmt"	"choice"	""	"As the value of your pension is related to your income, I would like to know what is your annual gross income, before deductions, for the job your [ActEPName] pension relates to?"	360	""
"ActEPJbAmtb"	"ActEPJbAmtb"	"choice"	""	"About how much would you estimate your annual gross income is before all deductions, for the job that your [ActEPName] pension relates to?"	361	""
"ActEPAcFrYN"	"ActEPAcFrYN"	"boolean"	""	"Do you know the fraction or percentage of your salary that will be added to your final [ActEPName] pension for each year’s service? This can usually be found on your pension statements."	362	""
"ActEPAcFr"	"ActEPAcFr"	"choice"	""	"What is the fraction or percentage of your salary that will be added to your final [ActEPName] pension for each year’s service?"	363	""
"ActEPAcFrOt"	"ActEPAcFrOt"	"unknown"	""	"ENTER DETAILS OF OTHER FRACTION OR PERCENTAGE"	364	""
"ActEPInc"	"ActEPInc"	"choice"	""	"How much gross annual income do you expect to get from your [ActEPName] pension when you retire?"	365	""
"ActEPIncb"	"ActEPIncb"	"choice"	""	"About how much do you estimate your annual gross income to be from your [ActEPName] pension when you retire?"	366	""
"ActEPVal"	"ActEPVal"	"choice"	""	"What is the current value of your [ActEPName] pension?"	367	""
"ActEPValb"	"ActEPValb"	"choice"	""	"About how much do you estimate the current value of your [ActEPName] pension to be?"	368	""
"ActEPDCYrSt"	"ActEPDCYrSt"	"choice"	""	"What year did you start making contributions into your [ActEPName] pension?"	369	""
"ActEPAmtPer"	"ActEPAmtPer"	"choice"	""	"The next questions are about your usual monthly contribution to your [ActEPName] pension."	370	""
"ActEPAmt"	"ActEPAmt"	"choice"	""	"How much is your usual monthly contribution to your [ActEPName] pension after tax?"	371	""
"ActEPPer"	"ActEPPer"	"choice"	""	"What is your usual contribution to your [ActEPName] pension as a percentage of your salary?"	372	""
"ActPPNum"	"ActPPNum"	"choice"	""	"How many personal pension schemes are you or someone on your behalf currently contributing to?"	373	""
"ActPPHigh"	"ActPPHigh"	"unknown"	""	"Now, I'm going to ask you about your two highest value schemes."	374	""
"ActPPName"	"ActPPName"	"unknown"	""	"What is the name of your [highest / second highest (ActPPNum >1)] value personal pension scheme?"	375	""
"ActPPYrSt"	"ActPPYrSt"	"choice"	""	"What year did you start making contributions into your [ActPPName] pension?"	376	""
"ActPPAmtPer"	"ActPPAmtPer"	"choice"	""	"The next questions are about your usual monthly contribution to your [ActPPName] pension. Would it be easier for you to give this either as..."	377	""
"ActPPAmt"	"ActPPAmt"	"choice"	""	"How much is your usual monthly contribution to your [ActPPName] pension after tax?"	378	""
"ActPPPer"	"ActPPPer"	"choice"	""	"What is your usual contribution to your [ActPPName] pension as a percentage of your salary?"	379	""
"ActPPIntro"	"ActPPIntro"	"unknown"	""	"The next questions are about the value of your [ActPPName] pension. It would be helpful to look at a recent pension statement if you have one."	380	""
"ActPPVal"	"ActPPVal"	"choice"	""	"What is the current value of your [ActPPName] pension?"	381	""
"ActPPValb"	"ActPPValb"	"choice"	""	"About how much do you estimate the current value of your [ActPPName] pension to be?"	382	""
"ActPPValOt"	"ActPPValOt"	"choice"	""	"You've told us you've got [ActPPNum] personal pensions."	383	""
"ActPPValbOt"	"ActPPValbOt"	"choice"	""	"About how much do you estimate the [total] current value of your remaining personal pension pot[s] to be?"	384	""
"DVActNum"	"DVActNum"	"choice"	""	"Derived variable: Number of active pension schemes"	385	""
"ActOutro"	"ActOutro"	"unknown"	""	"Thank you. That is the end of the questions about pensions that you have been contributing to."	386	""
"PUnIntro"	"PUnIntro"	"unknown"	""	"Next I am going to ask you some questions about pension schemes you have stopped contributing to and haven't withdrawn money from yet."	387	""
"PUnPrev"	"PUnPrev"	"choice"	""	"At the last interview, we recorded that you had savings in the following scheme(s) that you had stopped contributing to."	388	""
"PUnNum"	"PUnNum"	"choice"	""	"Apart from the pensions we've just mentioned, how many more of these pension schemes do you have (If PUnPrev = 1 to 6) / How many of these pension schemes do you have?"	389	""
"PUnNmSc"	"PUnNmSc"	"unknown"	""	"Derived variable: Number of preserved pension schemes"	390	""
"PUnHigh"	"PUnHigh"	"unknown"	""	"Now, I'm going to ask you about your four highest value pension schemes. [Please include both the pensions you told me about from the last interview and the other pension scheme(s) you have just told me about in your answers. (If PUnPrev = 1-6 and PUnNum > 0)]"	391	""
"PunRot"	"PunRot"	"unknown"	""	"Now I am going to ask you some more details about these pensions."	392	""
"PUnName"	"PUnName"	"unknown"	""	"(If 1 rotated pension is chosen at PUnPrev, and PUnNmSc = 1 then PUnName is auto-populated with the pension name from PUnPrev and the question is not asked.)"	393	""
"PUnYrStop"	"PUnYrStop"	"choice"	""	"What year did you stop making payments into your [PUnName] pension?"	394	""
"PUnTyp"	"PUnTyp"	"choice"	""	"Is your [PUnName] pension…"	395	""
"PUnEPSec"	"PUnEPSec"	"choice"	""	"Was the employer that your [PUnName] pension is related to…"	396	""
"PUnEPTyp"	"PUnEPTyp"	"choice"	""	"Now I am going to ask you which type of employer pension you have. There are two main types:"	397	""
"PUnVal"	"PUnVal"	"choice"	""	"What is the current value of your [PUnName] pension?"	398	""
"PUnValb"	"PUnValb"	"choice"	""	"About how much do you estimate of the current value of the pension pot to be?"	399	""
"PUnYrSt"	"PUnYrSt"	"choice"	""	"What year did you start making payments into your [PUnName] pension?"	400	""
"PUnInc"	"PUnInc"	"choice"	""	"How much annual gross income, before deductions, do you expect to get from your [PUnName] pension when you retire?"	401	""
"PUnIncb"	"PUnIncb"	"choice"	""	"About how much do you estimate the annual gross income, before deductions, from your [PUnName] pension to be when you retire?"	402	""
"PUnAge"	"PUnAge"	"choice"	""	"From what age can you access your pension?"	403	""
"PUnOutro"	"PUnOutro"	"unknown"	""	"Thank you. That is the end of the questions about pensions that you have stopped paying into and have not received any money from."	404	""
"PinPIntro"	"PinPIntro"	"unknown"	""	"[Next I am going to ask you some questions about the pensions you receive regular payments from. I would also like to know about any additional pension schemes from which you may have received income in the past. (If SBPInPNow = 1) ;"	405	""
"PinPNum"	"PinPNum"	"choice"	""	"How many different pension schemes have you received money from? This can be in the form of a regular income or as lump sums."	406	""
"PinPWho"	"PinPWho"	"choice"	""	"[Is this a pension of your own, or one that you receive from a former spouse or partner? (if PinPNum = 1);"	407	""
"PinPQHigh"	"PinPQHigh"	"unknown"	""	"Now I'm going to ask you about your 6 highest value pension schemes that you have received money from."	408	""
"PinPName"	"PinPName"	"unknown"	""	"What is the name of the [highest / second … sixth highest value (PinPNum >1)] pension scheme that you have received money from?"	409	""
"PinPOwSp"	"PinPOwSp"	"choice"	""	"Is this [PinPName] pension one of your own or one that you receive from a former spouse or partner?"	410	""
"PinPTyp"	"PinPTyp"	"choice"	""	"Is this [PinPName] pension that you receive…"	411	""
"PinPEPSec"	"PinPEPSec"	"choice"	""	"Was the employer that [your/this] [PinPName] pension is related to…"	412	""
"PinPEPTyp"	"PinPEPTyp"	"choice"	""	"Now I am going to ask you which type of employer pension is this. There are two main types:"	413	""
"PinPReg"	"PinPReg"	"choice"	""	"Is the money that you receive from this pension...."	414	""
"PinPHow"	"PinPHow"	"choice"	""	"In order to receive this regular income, have you…"	415	""
"PInPAgeStop"	"PInPAgeStop"	"choice"	""	"At what age did [you/your former spouse or partner] stop paying into this [PinPName] pension?"	416	""
"PinPAgeRec"	"PinPAgeRec"	"unknown"	""	"And at what age did you first receive money from this pension?"	417	""
"PinPAccVal"	"PinPAccVal"	"choice"	""	"Before any money was received from [your/this] [PinPName] pension, what was the value of this pension pot?"	418	""
"PinPAccValB"	"PinPAccValB"	"choice"	""	"About how much would you estimate the value of [your/this] [PinPName] pension pot to have been, before any money was received from it?"	419	""
"PinPAmt"	"PinPAmt"	"choice"	""	"How much do you usually receive each month from [your/this] [PinPName] pension after tax is deducted?"	420	""
"PinPAmtB"	"PinPAmtB"	"choice"	""	"About how much would you estimate you receive each month from [your/this] [PinPName] pension after tax?"	421	""
"PinPLumpNum"	"PinPLumpNum"	"choice"	""	"You said that you have received lump sum payments from this pension. How many of these have you received?"	422	""
"PinPSumTot"	"PinPSumTot"	"choice"	""	"How much in total have you received in lump sums from [your/this] [PinPName] pension? This should be the net figure, after tax, if tax was paid"	423	""
"PinPSumTotB"	"PinPSumTotB"	"choice"	""	"About how much would you estimate you have received in total in lump sums from this pension, after tax (if applicable)?"	424	""
"PinPSum2Yr"	"PinPSum2Yr"	"choice"	""	"And how much have you received in lump sums from this [PinPName] pension in the last 2 years? This should be the net figure, after tax, if tax was paid"	425	""
"PinPSum2B"	"PinPSum2B"	"choice"	""	"About how much would you estimate you have received in the last 2 years in lump sums from this pension, after tax (if applicable)?"	426	""
"PinPSumTax"	"PinPSumTax"	"boolean"	""	"Were any of your withdrawals from [your/this] [PinPName] pension greater than the tax free limit?"	427	""
"PinPLumpMost"	"PinPLumpMost"	"choice"	""	"What have you done with the money you received from [your/this] [PInPName] pension lump sum(s)?"	428	""
"PinPRemVal"	"PinPRemVal"	"choice"	""	"What is the current value of the remaining part of [your/this] pension pot?"	429	""
"PinPRemVB"	"PinPRemVB"	"choice"	""	"About how much would you estimate is the value of the remaining part of [your/this] pension pot?"	430	""
"PinPRemHow"	"PinPRemHow"	"choice"	""	"What do you expect to do with the remaining money in this pension pot?"	431	""
"PinPHowOth"	"PinPHowOth"	"unknown"	""	"Please give details of how you intend to use this remaining part of [your/this] pension pot."	432	""
"PinPDBInc"	"PinPDBInc"	"choice"	""	"How much annual income do you expect to get from [your/this] [PinPName] pension when you retire?"	433	""
"PinPDBIncB"	"PinPDBIncB"	"choice"	""	"About how much do you estimate you will receive in annual income from [your/this] [PinPName] pension when you retire?"	434	""
"PinPDBAge"	"PinPDBAge"	"choice"	""	"At what age do you expect to start receiving this regular income from this pension?"	435	""
"PinPDBYrs"	"PinPDBYrs"	"choice"	""	"Approximately how many years did [you/your former spouse or partner] contribue to [your/this] [PinPName] pension?"	436	""
"PInPEnd"	"PInPEnd"	"unknown"	""	"Ask at the end of each loop"	437	""
"PinPOutro"	"PinPOutro"	"unknown"	""	"Thank you. That is the end of the questions about the pensions that you have received money from."	438	""
"PPaIntro"	"PPaIntro"	"unknown"	""	"Next I am going to ask you some questions about pensions that you are expecting from a previous spouse or partner; we would like to know the number of pension schemes and their value."	439	""
"PPaNum"	"PPaNum"	"choice"	""	"Thinking about the pensions to which your former spouse or partner contributed, how many pensions of this type do you expect to receive?"	440	""
"PPaHigh"	"PPaHigh"	"unknown"	""	"Now, I'm going to ask you about your three highest value pension schemes from a previous spouse or partner."	441	""
"PPaPayTyp"	"PPaPayTyp"	"choice"	""	"Are you expecting lump sum payments or a regular income from your [highest / second highest / third highest value (ActPPNum >1)] previous spouse or partner pension scheme in the future?"	442	""
"PPaLuSAmt"	"PPaLuSAmt"	"choice"	""	"How much do you expect to get in total as a lump sum? Lump sum payment refers to any sized lump sum, whether it is tax-free or not."	443	""
"PPaLuSb"	"PPaLuSb"	"choice"	""	"Can you give me an estimate of the total lump sum that you expect to receive from this pension?"	444	""
"PpaInc"	"PpaInc"	"choice"	""	"How much regular income do you expect to receive from this pension scheme in the future?"	445	""
"PPaIncF"	"PPaIncF"	"choice"	""	"How often do you expect to receive payments from this pension scheme?"	446	""
"PPaIncFOt"	"PPaIncFOt"	"unknown"	""	"PLEASE SPECIFY ‘OTHER’ FREQUENCY OF PAYMENT"	447	""
"PPaIncb"	"PPaIncb"	"choice"	""	"Can you give me an estimate of the amount you expect to receive monthly from this pension scheme when you retire?"	448	""
"PPaAge"	"PPaAge"	"choice"	""	"From what age can you expect to receive this money?"	449	""
"PPaOutro"	"PPaOutro"	"unknown"	""	"Thank you. That is the end of the questions about pensions from a previous partner."	450	""
"PNAdviceUsed"	"PNAdviceUsed"	"choice"	""	"Asked of all who have done something with their pension"	451	""
"GovAdHow"	"GovAdHow"	"choice"	""	"Did you access guidance from the Government service…"	452	""
"CaCTFPer"	"CaCTFPer"	"unknown"	""	"Now I am going to ask some questions about Child Trust Funds. A Child Trust Fund is a savings and investment account for children. Children born on or after 1 September 2002 and on or before 2 January 2011 receive a voucher for £250 from the government to start their account."	453	""
"CaJISAPer"	"CaJISAPer"	"unknown"	""	"Now I am going to ask some questions about Junior ISAs. A Junior ISA (or Junior Individual Savings Account) is a tax efficient account designed for adults to"	454	""
"CaCtVPer"	"CaCtVPer"	"choice"	""	"How much is currently in your Child Trust Fund/Junior ISA?"	455	""
"CaCTvBPer"	"CaCTvBPer"	"unknown"	""	"How much would you estimate is currently in your Child Trust Fund/Junior ISA?"	456	""
"FinvTyOut"	"FinvTyOut"	"unknown"	""	"Please do not include your Child Trust Fund/Junior ISA when you answer the following question."	457	""
"CTFNewC"	"CTFNewC"	"unknown"	""	"A Child Trust Fund is a savings and investment account for children. Children born on or after 1 September 2002 and on or before 2 January 2011 received a voucher for £250 from the government to start their account."	458	""
"CTFPost18"	"CTFPost18"	"unknown"	""	"You have said that you had a Child Trust Fund. Now that you are over 18 you have full access to this account. What have you done with your Child Trust Fund? Have you …"	459	""
"CTFPost18O"	"CTFPost18O"	"unknown"	""	"Please describe what you have done with your Child Trust Fund"	460	""
"FTypeAcc"	"FTypeAcc"	"unknown"	""	"The next questions ask about current accounts, savings accounts and investments you may have. Please do not include property, collectibles or valuables – only financial investments."	461	""
"FTypeInv"	"FTypeInv"	"unknown"	""	"Secondly, do you currently have any of these investments, including any held jointly or overseas…"	462	""
"FInvTyO"	"FInvTyO"	"unknown"	""	"What are the other financial assets you said you have?"	463	""
"FCAcShInt"	"FCAcShInt"	"boolean"	""	"Are any of your CURRENT accounts held jointly with your [spouse / Civil Partner / partner]?"	464	""
"FCAcSh"	"FCAcSh"	"choice"	""	"Is it all or some of your CURRENT accounts that are held jointly with your [spouse / Civil Partner / partner]?"	465	""
"FCNumSh"	"FCNumSh"	"choice"	""	"ASK OR RECORD IF COUPLE BEING INTERVIEWED TOGETHER"	466	""
"FCNumIn"	"FCNumIn"	"choice"	""	"[And (if CAcSh = 2)] how many [of your own (if CAcSh = 2)] current accounts do you have?"	467	""
"FCOvDSh"	"FCOvDSh"	"boolean"	""	"Note that FCSuppr is a Blaise derived variable that is not mentioned anywhere in the paper questionnaire. - respondent has a current account that is held jointly and partner has not already answered questions about a joint account"	468	""
"FCOvNSh"	"FCOvNSh"	"choice"	""	"How many of your joint current accounts are overdrawn? [Please ignore any negative balance(s) on your all-in-one current accounts (if NumCurrAccM > 0)]"	469	""
"DCOShV1"	"DCOShV1"	"unknown"	""	"[Thinking of the [first…] of your JOINT current accounts that is overdrawn.] How much is [the/this] account overdrawn?"	470	""
"DCOShVb1"	"DCOShVb1"	"choice"	""	"About how much would you estimate that the account is overdrawn?"	471	""
"FCShVal"	"FCShVal"	"unknown"	""	"[Leaving aside accounts that are overdrawn] how much do you and your partner have [IN TOTAL] in your JOINT current accounts at present?"	472	""
"FCShVlb"	"FCShVlb"	"unknown"	""	"About how much would you estimate is in your joint account(s) at present?"	473	""
"FCOvDIn"	"FCOvDIn"	"boolean"	""	"[Thinking now about your own current accounts, (if FCAcSh <> 3)] are you currently overdrawn on [any of (if FCNumIn > 1)] your [own (if FCAcSh <> 3)] current account[s (if FCNumIn > 1)]]?"	474	""
"FCOvNIn"	"FCOvNIn"	"unknown"	""	"How many of your [own] current account[s] are overdrawn?"	475	""
"DCOInV1"	"DCOInV1"	"unknown"	""	"[Thinking of the [first…] of your [OWN] current accounts that is overdrawn.] How much is [the/this] account overdrawn?"	476	""
"DCOInVb1"	"DCOInVb1"	"choice"	""	"About how much would you estimate that the account is overdrawn?"	477	""
"FCInVal"	"FCInVal"	"choice"	""	"How much do you have [in total (if FCAcSh = 3)] in your [own (if FCAcSh <> 3)] current account[s] at present? Please ignore [the] account[s] with [an] overdraft"	478	""
"FCInVlb"	"FCInVlb"	"unknown"	""	"About how much would you estimate is in your own current account(s) at present?"	479	""
"FCOvdif"	"FCOvdif"	"boolean"	""	"Are you having any difficulty paying off the overdraft on [any of] your [joint] [or] [your own] current account[s] at present? [(Please ignore any negative balance(s) on your [number] all-in-one current account(s).)]"	480	""
"FSAcShInt"	"FSAcShInt"	"boolean"	""	"Are any of your SAVINGS or DEPOSIT accounts held jointly with your [spouse / Civil Partner / partner]?"	481	""
"FSAcSh"	"FSAcSh"	"choice"	""	"FSAcShInt = 1 (has savings or deposit with partner in household)"	482	""
"FSNumSh"	"FSNumSh"	"unknown"	""	"How many JOINT savings or deposit accounts do you have?"	483	""
"FSNumIn"	"FSNumIn"	"unknown"	""	"(And) how many [of your own] savings or deposit accounts do you have?"	484	""
"FSTypSh"	"FSTypSh"	"unknown"	""	"Thinking about your JOINT savings or deposit accounts, which of these types of account do you have…"	485	""
"FSTypIn"	"FSTypIn"	"unknown"	""	"[And] thinking about your [OWN] savings or deposit accounts, which of these types of account do you have…"	486	""
"FSTypOt"	"FSTypOt"	"unknown"	""	"Please describe the other type of savings or deposit account you mentioned."	487	""
"FSShVal"	"FSShVal"	"choice"	""	"How much do you and your partner have [in total (if FSNumSh = 1)] in your joint savings and deposit account[s (if FSNumSh = 1)] at present?"	488	""
"FSShVlb"	"FSShVlb"	"choice"	""	"About how much would you estimate is in your joint savings or deposit account(s) at present?"	489	""
"FSInVal"	"FSInVal"	"choice"	""	"How much do you have [in total (if FSAcSh = 3)] in your [own (if FSAcSh = 3)] savings and deposit accounts at present?"	490	""
"FSInVlb"	"FSInVlb"	"choice"	""	"About how much would you estimate is in your [own] savings or deposit account(s) at present?"	491	""
"FSOsHav"	"FSOsHav"	"unknown"	""	"May I just check, [is your [joint] SAVING or DEPOSIT account held with a bank or other organisation overseas?]/ [are any of your [joint or your own] SAVING or DEPOSIT accounts held with a bank or other organisation overseas?]"	492	""
"FSOsVlb"	"FSOsVlb"	"unknown"	""	"About how much would you estimate you currently have in your savings or deposit account(s) held with a bank or other organisation overseas?"	493	""
"ISAs"	"ISAs"	"unknown"	""	"FISA"	494	""
"FCISAv"	"FCISAv"	"choice"	""	"How much do you have in your cash ISA(s) at present?"	495	""
"FCISAb"	"FCISAb"	"choice"	""	"About how much would you estimate you currently have in your cash ISA(s)?"	496	""
"FIISAv"	"FIISAv"	"choice"	""	"How much do you have in your investment ISA(s) at present?"	497	""
"FIISAb"	"FIISAb"	"choice"	""	"About how much would you estimate you currently have in your investment ISA(s)?"	498	""
"FKISAv"	"FKISAv"	"choice"	""	"How much do you have in your ISA(s) at present?"	499	""
"FKISAb"	"FKISAb"	"choice"	""	"About how much would you estimate you currently have in your ISA(s)?"	500	""
"FNSavTyp"	"FNSavTyp"	"unknown"	""	"Thinking now about your National Savings and Investments, which of these types of product do you have…"	501	""
"FNSVal"	"FNSVal"	"choice"	""	"How much do you currently have invested in (all of) these National Savings products?"	502	""
"FNSVb"	"FNSVb"	"choice"	""	"How much would you estimate you have invested in (all of) these National Savings products?"	503	""
"FInvest"	"FInvest"	"unknown"	""	"Now thinking of your investments, which of these types do you have…"	504	""
"FundTyp"	"FundTyp"	"choice"	""	"Are your investment funds managed or self-managed?"	505	""
"FundVal"	"FundVal"	"choice"	""	"What is the total value of all of your investment funds?FOR JOINT INVESTMENTS, SPLIT VALUE BETWEEN RESPONDENTS. CHECK THAT ALL INVESTMENTS OF THIS TYPE HAVE BEEN COVERED BEFORE ENTERING TOTAL IN ANSWER FIELD. ENTER AMOUNT IN £s"	506	""
"FundValb"	"FundValb"	"choice"	""	"How much would you estimate is the total value of your investment funds?"	507	""
"ShareTyp"	"ShareTyp"	"unknown"	""	"Which of the following shares or equities do you have…"	508	""
"FShUKV"	"FShUKV"	"choice"	""	"If you chose to sell (all of) your shares in listed or unlisted UK companies, about how much would they be worth?"	509	""
"FShUKVb"	"FShUKVb"	"choice"	""	"How much would you estimate your shares in listed or unlisted UK companies are worth?"	510	""
"FShOSV"	"FShOSV"	"choice"	""	"If you chose to sell your shares in foreign companies, about how much would they be worth?"	511	""
"FShOSVb"	"FShOSVb"	"choice"	""	"FShOSV = DK/RF"	512	""
"FEShaV"	"FEShaV"	"choice"	""	"If you chose to sell your employee shares about how much would they be worth?"	513	""
"FEShVb"	"FEShVb"	"choice"	""	"How much would you estimate your employee shares are worth, in total?"	514	""
"FEOptV"	"FEOptV"	"choice"	""	"If you chose to exercise your employee share options, what is your estimate of the value of your gain - this is the difference between the option price and the market price times the number of shares involved?"	515	""
"FEOpVb"	"FEOpVb"	"choice"	""	"How much would you estimate the gain from exercising your employee share options would be?"	516	""
"FGilts"	"FGilts"	"unknown"	""	"You said earlier that you had some bonds and gilts. Which of the following types of bonds or gilts do you have…"	517	""
"FGltUKV"	"FGltUKV"	"choice"	""	"What is the current value of your UK bonds and gilts?"	518	""
"FGUKVb"	"FGUKVb"	"unknown"	""	"How much would you estimate is the current value of your bonds and gilts?"	519	""
"FGltFoV"	"FGltFoV"	"choice"	""	"What is the current value of your foreign corporate and government bonds?"	520	""
"FGFoVb"	"FGFoVb"	"unknown"	""	"How much would you estimate is the current value of your foreign bonds?"	521	""
"DKInvest"	"DKInvest"	"choice"	""	"How much would you estimate is the total value of your investment products?"	522	""
"FLProd"	"FLProd"	"unknown"	""	"You said earlier that you have a friendly society or endowment policy or an investment with a life insurance element. Which of the following products do you have…"	523	""
"FLfEnV"	"FLfEnV"	"choice"	""	"What is the current value of your endowment or regular premium policy?"	524	""
"FLfEnVb"	"FLfEnVb"	"unknown"	""	"How much would you estimate the current value of your endowment or regular premium policy is?"	525	""
"FLfSiV"	"FLfSiV"	"choice"	""	"What is the current value of your single premium policy or investment bonds?"	526	""
"FLfSiVb"	"FLfSiVb"	"unknown"	""	"How much would you estimate the current value of your single premium policy or investment bonds is?"	527	""
"FLfFSV"	"FLfFSV"	"choice"	""	"What is the current value of your Friendly Society Tax Exempt Savings Plan?"	528	""
"FLfFSVb"	"FLfFSVb"	"unknown"	""	"How much would you estimate the current value of your Friendly Society Tax Exempt Savings Plan is?"	529	""
"FLfTeV"	"FLfTeV"	"choice"	""	"What is the current value of your insurance policy that will pay a lump sum at a specified date?"	530	""
"FLfTeVb"	"FLfTeVb"	"choice"	""	"How much would you estimate the current value of your insurance policy that will pay a lump sum at a specified date is?"	531	""
"CashTyp"	"CashTyp"	"unknown"	""	"Now thinking of the currency or cash you mentioned earlier, which of the following do you have…"	532	""
"CashVal"	"CashVal"	"choice"	""	"What is the total value of your UK Pounds held in cash?"	533	""
"CashValB"	"CashValB"	"choice"	""	"How much would you estimate the total value of your UK Pounds held in cash is?"	534	""
"CurrVal"	"CurrVal"	"choice"	""	"What is the total value, in pounds sterling, of your foreign currency?"	535	""
"CurrValB"	"CurrValB"	"choice"	""	"How much would you estimate the total value of your foreign currency is?"	536	""
"ECashVal"	"ECashVal"	"choice"	""	"What is the total value of your e-money and prepaid accounts such as PayPal?"	537	""
"ECashValB"	"ECashValB"	"choice"	""	"How much would you estimate the total value of your e-money and prepaid accounts such as PayPal is?"	538	""
"CryptNum"	"CryptNum"	"unknown"	""	"Now thinking of the cryptocurrency you mentioned earlier, how many different types of cryptocurrency do you have?"	539	""
"CryptVal"	"CryptVal"	"choice"	""	"What is the current total value of your cryptocurrency in pounds sterling?"	540	""
"CryptValB"	"CryptValB"	"choice"	""	"How much would you estimate the current value of your cryptocurrency is?"	541	""
"CryptTime"	"CryptTime"	"unknown"	""	"How many years have you held cryptocurrency?"	542	""
"CryptRet"	"CryptRet"	"choice"	""	"What returns on investment have you had from cryptocurrency since you first invested in it, in pounds sterling equivalent?"	543	""
"FInvOtV"	"FInvOtV"	"choice"	""	"Now thinking of the other financial assets that you [ “have” for those who only have “other financial assets”] [“mentioned earlier” for those who have other financial assets other than just “Other”], what is the current value of these assets?"	544	""
"FInvOVb"	"FInvOVb"	"choice"	""	"How much would you estimate the current value of your other financial assets is?"	545	""
"FIncV"	"FIncV"	"choice"	""	"Now thinking of all of the accounts and investments that you have told me about, how much income have you received in total in interest, dividends or return on your investments in the last 12 months[, including any winnings on premium bonds for those who have premium bonds at FNSavTyp]?"	546	""
"FIncVb"	"FIncVb"	"choice"	""	"How much would you estimate you have received in income from interest, dividends or return on investments in the last 12 months?"	547	""
"FInfLoan"	"FInfLoan"	"unknown"	""	"INDIVIDUAL PROMPT: CODE ALL THAT APPLY"	548	""
"FInfLV"	"FInfLV"	"choice"	""	"If respondent has loaned money to someone which will be repaid at some time"	549	""
"FLoanVB"	"FLoanVB"	"choice"	""	"How much would you estimate the total amount you have loaned to other people is?"	550	""
"FInfV"	"FInfV"	"choice"	""	"How much in total [do you have saved in savings and loans clubs and given to someone else to look after (if FInfLoan = 1 AND 3) ; have you given to someone else to look after (if FInfLoa = 1 ) ; do you have saved in savings and loans clubs (if FInfLoan = 3)]?"	551	""
"FInfVB"	"FInfVB"	"choice"	""	"How much would you estimate the total amount do you have [saved in savings and loans clubs and/or given to someone else to look after (if FInfLoan = 1 AND 3) ; given to someone else to look after (if FInfLoan = 1) ; saved in savings and loans clubs (if FInfLoan = 3)]?"	552	""
"UProp"	"UProp"	"unknown"	""	"(Apart from this accommodation) do you own any of the following types of land or property…"	553	""
"UPropO"	"UPropO"	"unknown"	""	"Enter details of other real estate"	554	""
"UNumHs"	"UNumHs"	"choice"	""	"How many second homes in the UK do you own?"	555	""
"UBuyLet"	"UBuyLet"	"choice"	""	"If respondent owns buy-to-let property in the UK (residential property which is let for profit)"	556	""
"UNumBd"	"UNumBd"	"choice"	""	"How many other buildings in the UK do you own?"	557	""
"UNumLa"	"UNumLa"	"choice"	""	"How many different parcels of land in the UK do you own?"	558	""
"UNumOv"	"UNumOv"	"choice"	""	"How many different overseas properties or parcels of land do you own?"	559	""
"UNumRe"	"UNumRe"	"choice"	""	"How many other properties do you own?"	560	""
"UPrSh"	"UPrSh"	"unknown"	""	"If respondent owns any property other than buy-to-let property in the UK (residential property which is let for profit)"	561	""
"UBuyToL1"	"UBuyToL1"	"unknown"	""	"If respondent owns buy-to-let property in the UK (residential property which is let for profit)"	562	""
"UPNo1"	"UPNo1"	"unknown"	""	"Which other household members share this ownership with you?"	563	""
"UValS"	"UValS"	"choice"	""	"LOOP ONLY ONCE FOR EACH PROPERTY TYPE"	564	""
"UValBS"	"UValBS"	"choice"	""	"What would you estimate is the amount [your share of] this (other houses, flats, holiday homes in the UK) is worth?"	565	""
"UDebtS"	"UDebtS"	"choice"	""	"And how much is [your share of] any outstanding mortgages or loans secured on the Other houses/ flats/ holiday homes in the UK) ?"	566	""
"UDebtBS"	"UDebtBS"	"choice"	""	"What would you estimate is [your share of] the amount of the outstanding mortgage or loan secured on this property?"	567	""
"UGdVBS"	"UGdVBS"	"choice"	""	"Thinking about the items in [this property/these properties] that you own/ are owned by you or other members of your household, what is the approximate replacement value of [your share of] the household contents?"	568	""
"UValL"	"UValL"	"choice"	""	"If respondent owns buy-to-let property in the UK (residential property which is let for profit)"	569	""
"UValBL"	"UValBL"	"choice"	""	"What would you estimate is the amount [your share of] this (buy to let property in the UK) is worth?"	570	""
"UDebtL"	"UDebtL"	"choice"	""	"If respondent owns buy-to-let property in the UK (residential property which is let for profit)"	571	""
"UDebtBL"	"UDebtBL"	"choice"	""	"What would you estimate is [your share of] the amount of the outstanding mortgage or loan secured on this property?"	572	""
"UGdVBL"	"UGdVBL"	"choice"	""	"If respondent owns buy-to-let property in the UK (residential property which is let for profit)"	573	""
"UValO"	"UValO"	"choice"	""	"LOOP ONLY ONCE FOR EACH PROPERTY TYPE"	574	""
"UValBO"	"UValBO"	"choice"	""	"What would you estimate is the amount [your share of] this (other buildings in the UK) is worth?"	575	""
"UDebtO"	"UDebtO"	"choice"	""	"And how much is [your share of] any outstanding mortgages or loans secured on the other buildings in the UK?"	576	""
"UDebtBO"	"UDebtBO"	"choice"	""	"What would you estimate is [your share of] the amount of the outstanding mortgage or loan secured on this property?"	577	""
"UValLU"	"UValLU"	"choice"	""	"[Apart from any property included in the value of your business(es), if] you sold [it/them] (other areas of land in the UK), about how much would [it / they/ your share] be worth?"	578	""
"UValBLU"	"UValBLU"	"choice"	""	"What would you estimate the amount [your share of] this (other areas of land in the UK) is worth?"	579	""
"UDebtLU"	"UDebtLU"	"choice"	""	"And how much is [your share of] any outstanding mortgages or loans secured on the other areas of land in the UK?"	580	""
"UDebtBLU"	"UDebtBLU"	"choice"	""	"What would you estimate is [your share of] the amount of the outstanding mortgage or loan secured on this property?"	581	""
"UValOS"	"UValOS"	"choice"	""	"LOOP ONLY ONCE FOR EACH PROPERTY TYPE"	582	""
"UValBOS"	"UValBOS"	"choice"	""	"What would you estimate the amount [your share of] this (land or property overseas) is worth?"	583	""
"UDebtOS"	"UDebtOS"	"choice"	""	"And how much is [your share of] any outstanding mortgages or loans secured on the land or property overseas?"	584	""
"UDebtBOS"	"UDebtBOS"	"choice"	""	"What would you estimate is [your share of] the amount of the outstanding mortgage or loan secured on this property?"	585	""
"UGdVBOS"	"UGdVBOS"	"choice"	""	"Thinking about the items [this property/these properties] that you own/ are owned by you or other members of your household, what would you estimate the replacement value of [your share of] the household contents is?"	586	""
"UValOR"	"UValOR"	"choice"	""	"LOOP ONLY ONCE FOR EACH PROPERTY TYPE"	587	""
"UValBOR"	"UValBOR"	"choice"	""	"What would you estimate the amount [your share of] this (other items of real estate) is worth?"	588	""
"UDebtOR"	"UDebtOR"	"choice"	""	"And how much is [your share of] any outstanding mortgages or loans secured on the other items of real estate?"	589	""
"UDebtBOR"	"UDebtBOR"	"choice"	""	"What would you estimate is [your share of] the amount of the outstanding mortgage or loan secured on this property?"	590	""
"DCIntr"	"DCIntr"	"unknown"	""	"I’d now like to ask you a few questions about any credit commitments you might have."	591	""
"DCards"	"DCards"	"boolean"	""	"Do you have any credit or charge cards for which you are the main cardholder?"	592	""
"DNumber"	"DNumber"	"choice"	""	"How many credit or charge accounts do you have for which you are the main cardholder?"	593	""
"DWhichCard1"	"DWhichCard1"	"unknown"	""	"credit card[s], or"	594	""
"DSituationN1"	"DSituationN1"	"choice"	""	"Thinking about the latest statement[s] for your [first/second/x remaining…] [credit/charge] card[s] …"	595	""
"DPurchase1"	"DPurchase1"	"choice"	""	"Since you paid the last balance in full, have you used the card[s] for any purchases, or is the current balance zero?"	596	""
"DNam1"	"DNam1"	"choice"	""	"ALTHOUGH THE ACCOUNT MAY HAVE ADDITIONAL CARDHOLDERS, LEGALLY ANY DEBT IS ONLY HELD BY ONE PERSON (THE MAIN CARDHOLDER)."	597	""
"DAmount1"	"DAmount1"	"choice"	""	"Can you tell me, what is the current balance on [this/these] [credit/charge] card[s]?"	598	""
"DAmtBand1"	"DAmtBand1"	"choice"	""	"About how much would you estimate the amount currently on [this/these] [credit/charge] card[s] is?"	599	""
"DAmSince1"	"DAmSince1"	"choice"	""	"How much have you spent on [this/these] card[s] since your last repayment?"	600	""
"DAmSinBand1"	"DAmSinBand1"	"choice"	""	"About how much would you estimate you have spent on [this/these] card[s] since your last repayment?"	601	""
"DAmtMth1"	"DAmtMth1"	"choice"	""	"About how much would you estimate your typical monthly repayment amount for [this/these] [credit/charge] card[s] is?"	602	""
"D12beh1"	"D12beh1"	"unknown"	""	"Ccharge or credit card 1/2/3/4/5]"	603	""
"DMOanyN"	"DMOanyN"	"unknown"	""	"Are you currently paying for anything in instalments, including paying later in one lump sum, that you have bought from any of the following mail order or online accounts…"	604	""
"DMOanyNo"	"DMOanyNo"	"unknown"	""	"What other purchases are you paying instalments on?"	605	""
"DMOnum"	"DMOnum"	"choice"	""	"How many purchases are you paying instalments on?"	606	""
"DMOins1"	"DMOins1"	"choice"	""	"(Thinking of your [first/second/remaining] purchase(s)…"	607	""
"DMOest1"	"DMOest1"	"choice"	""	"About how much would you estimate of the size of each instalment you pay on [this purchase/these purchases]?"	608	""
"DMOoft1"	"DMOoft1"	"unknown"	""	"How often are the instalments due?"	609	""
"DMOoftO1"	"DMOoftO1"	"unknown"	""	"PLEASE ENTER OTHER PERIOD INSTALMENTS ARE DUE"	610	""
"DMOwhnY1"	"DMOwhnY1"	"choice"	""	"When do you expect to have paid off the balance on [this purchase/these purchases]?"	611	""
"DMOwhnM1"	"DMOwhnM1"	"unknown"	""	"ENTER THE MONTH EXPECTS TO PAY OFF PURCHASE BALANCE"	612	""
"DMOwest1"	"DMOwest1"	"unknown"	""	"About how many instalments would you estimate you have left to pay on the balance of [this purchase/these purchases]?"	613	""
"DMOint1"	"DMOint1"	"unknown"	""	"Are you currently paying interest on some or all of the outstanding balance for [this purchase/these purchases]?"	614	""
"DMObeh1"	"DMObeh1"	"unknown"	""	"Have you been able to keep up with the repayments for the instalments on [this purchase/these purchases] or are you 2 or more consecutive payments behind?"	615	""
"DMOowe1"	"DMOowe1"	"unknown"	""	"How much do you owe on missed or overdue payments on [this purchase/these purchases]?"	616	""
"DMObal1"	"DMObal1"	"unknown"	""	"What is the total outstanding balance on [this purchase/these purchases]?"	617	""
"DMoShar1"	"DMoShar1"	"unknown"	""	"Are the instalments for this purchase held jointly with anyone else?"	618	""
"DMoNAM1"	"DMoNAM1"	"unknown"	""	"May I just check with whom this purchase is shared?"	619	""
"DHPany"	"DHPany"	"unknown"	""	"Are you currently paying for any of these items where you arranged with the shop or supplier to pay in instalments…"	620	""
"DHPnum"	"DHPnum"	"unknown"	""	"Thinking of all of your credit agreements, how many do you have?"	621	""
"DHPins1"	"DHPins1"	"choice"	""	"Thinking of your [first/second/ remaining] credit agreement, how much are the standard payments on this agreement?"	622	""
"DHPest1"	"DHPest1"	"unknown"	""	"How much would you estimate you pay for each instalment as part of [this agreement/these agreements]?"	623	""
"DHPoft1"	"DHPoft1"	"unknown"	""	"How often are the instalments due?"	624	""
"DHPoftO1"	"DHPoftO1"	"unknown"	""	"PLEASE ENTER OTHER PERIOD HIRE PURCHASE INSTALMENTS ARE DUE"	625	""
"DHPwhnY1"	"DHPwhnY1"	"choice"	""	"When do you expect [this agreement/these agreements] to be repaid?"	626	""
"DHPwhnM1"	"DHPwhnM1"	"unknown"	""	"ENTER THE MONTH EXPECTS CREDIT AGREEMENT TO BE REPAID"	627	""
"DHPwest1"	"DHPwest1"	"unknown"	""	"How many instalments would you estimate that you have left to pay on the balance of [this agreement/these agreements]?"	628	""
"DHPint1"	"DHPint1"	"unknown"	""	"Is [this agreement/these agreements]interest free?"	629	""
"DHPbeh1"	"DHPbeh1"	"unknown"	""	"Have you been able to keep up with the repayments for this agreement or are you 2 or more consecutive payments behind?"	630	""
"DHPowe1"	"DHPowe1"	"choice"	""	"How much do you now owe on missed or overdue payments?"	631	""
"DHPbal1"	"DHPbal1"	"choice"	""	"What is the total outstanding balance on this [this agreement/these agreements]?"	632	""
"DHPShar1"	"DHPShar1"	"unknown"	""	"Is this agreement held jointly with anyone else?"	633	""
"DHPNAM1"	"DHPNAM1"	"unknown"	""	"May I just check with whom this agreement is shared?"	634	""
"DLOld"	"DLOld"	"unknown"	""	"Last time we interviewed you on [RStartDat], we recorded that you had [RDLnum (1,2…)] loan(s) apart from any mortgage or loans secured on a property."	635	""
"DLONm"	"DLONm"	"unknown"	""	"Derived variable : Number of previous wave loans still being active"	636	""
"DLany"	"DLany"	"boolean"	""	"[Excluding the loan you have just told me about (if DLONm > 0) / (And) (if DLONm = 0)] are you currently repaying any other loans of the following types:"	637	""
"DLNNm"	"DLNNm"	"choice"	""	"In total, how many of these (new) loans do you have?"	638	""
"DLNum"	"DLNum"	"unknown"	""	"Derived variable"	639	""
"OIntrol"	"OIntrol"	"unknown"	""	"I am now going to ask you some questions about your [1,2…] largest loans."	640	""
"DLType1"	"DLType1"	"choice"	""	"Thinking of your [first/second/third] loan, what type of loan is it?"	641	""
"DSLamt1"	"DSLamt1"	"unknown"	""	"What is the outstanding balance of your student loan?"	642	""
"DSLest1"	"DSLest1"	"choice"	""	"About how much would you estimate is the outstanding balance of your student loan?"	643	""
"DLwhy"	"DLwhy"	"choice"	""	"Did you take out this loan for any of the following reasons?"	644	""
"DLSec1"	"DLSec1"	"unknown"	""	"Thinking of [your first, second, third/ [Remaining Number] remaining] loan(s), is this loan secured against the value of your home or other assets?"	645	""
"DLins1"	"DLins1"	"choice"	""	"How much are the standard repayments on this loan? If this is a joint loan, please only confirm your share of the loan."	646	""
"DLest1"	"DLest1"	"unknown"	""	"About how much would you estimate is the amount of the instalments you are paying on this loan?"	647	""
"DLoft1"	"DLoft1"	"unknown"	""	"How often are the instalments due?"	648	""
"DLoftOt1"	"DLoftOt1"	"unknown"	""	"PLEASE ENTER OTHER PERIOD INSTALMENTS ARE DUE"	649	""
"DLwhnY1"	"DLwhnY1"	"choice"	""	"When do you expect this loan to be repaid?"	650	""
"DLwhnM1"	"DLwhnM1"	"unknown"	""	"If DLwhnY1 = response - year has been entered"	651	""
"DLwest1"	"DLwest1"	"unknown"	""	"About how much would you estimate is the number of instalments you have left to pay on this loan?"	652	""
"DLint1"	"DLint1"	"unknown"	""	"Is this loan interest free at the moment?"	653	""
"DLbeh1"	"DLbeh1"	"unknown"	""	"Have you been able to keep up with the repayments for this loan, or are you 2 or more consecutive payments behind?"	654	""
"DLowe1"	"DLowe1"	"unknown"	""	"How much do you now owe on missed or overdue payments?"	655	""
"DLbal1"	"DLbal1"	"unknown"	""	"What is the total outstanding balance on this loan?"	656	""
"DLShar1"	"DLShar1"	"unknown"	""	"Is this loan held jointly with anyone else?"	657	""
"NwLn"	"NwLn"	"boolean"	""	"(And apart from the loans you have already told us about, /And can I just check,) do you have any loans outstanding which you have not yet begun to repay (e.g. loans which you are not yet repaying due to the repayments period having not yet begun)?"	658	""
"NwLnNo"	"NwLnNo"	"choice"	""	"If NwLn = 1- respondent has loans outstanding which they have not begun to repay"	659	""
"OIntrom"	"OIntrom"	"unknown"	""	"I am now going to ask you some questions about your [1,2…] (largest) loans for which you have not yet started making repayments."	660	""
"DnewLType1"	"DnewLType1"	"choice"	""	"Thinking of [your first, second, third/remaining] loan, what type of loan is it?"	661	""
"DNewLOwe1"	"DNewLOwe1"	"choice"	""	"How much do you owe in total on this loan?"	662	""
"DNewLOweB1"	"DNewLOweB1"	"unknown"	""	"About how much would you estimate is the total amount you owe as part of this loan?"	663	""
"DNewLShar1"	"DNewLShar1"	"unknown"	""	"Is this loan held jointly with anyone else?"	664	""
"DHBany"	"DHBany"	"unknown"	""	"Ask HRP"	665	""
"DHBamt"	"DHBamt"	"choice"	""	"Could you tell me how much in total you owe on the missed or overdue payments for [TYPE OF BILL]?"	666	""
"DHBest"	"DHBest"	"choice"	""	"About how much would you estimate you owe on the missed or overdue payments for [TYPE OF BILL]?"	667	""
"DBurd"	"DBurd"	"unknown"	""	"[*] Thinking about the [overdraft(s)/credit card(s)/store card(s)/ credit agreement(s)/loan(s)/bill payments] you have just told me about, to what extent is keeping up with the repayment of them and any interest payments a financial burden to you? Would you say it was…"	668	""
"XInsol"	"XInsol"	"boolean"	""	"I would now like to ask you whether you have entered into any formal insolvency proceedings or into a Debt Management Plan (DMP) in the last year? By formal insolvency proceedings, I mean bankruptcy, Debt Relief Order (DRO), or an Individual Voluntary Arrangement (IVA)."	669	""
"XIntyp"	"XIntyp"	"unknown"	""	"If respondent has entered some sort of insolvency proceedings"	670	""
"XInCse"	"XInCse"	"unknown"	""	"If respondent has entered some sort of insolvency proceedings"	671	""
"OtIncIntro"	"OtIncIntro"	"unknown"	""	"Now we are going to ask some more questions about your income."	672	""
"RentIncPay"	"RentIncPay"	"unknown"	""	"[Apart from income from your business(es) you have already told us about, are (if any income from business reported >0) ; Are (else)] you currently receiving any rent from property, including business property or subletting?"	673	""
"RentIncTy"	"RentIncTy"	"choice"	""	"Is this rent from..."	674	""
"RentIncLdg"	"RentIncLdg"	"choice"	""	"How much rent do you receive each month from boarders or lodgers, before deducting income tax but after deducting all allowable expenses?"	675	""
"RentIncAm"	"RentIncAm"	"choice"	""	"In total how much do you receive each month, before deducting income tax but after deducting allowable expenses? [Do not include the rent you have already provided for boarders / lodgers at this address.]"	676	""
"RentIncBnd"	"RentIncBnd"	"unknown"	""	"About how much, on average, would you estimate you received each month?"	677	""
"OthSrc"	"OthSrc"	"unknown"	""	"Please tell me whether you are receiving any of the following regular payments?"	678	""
"OiNRrPr"	"OiNRrPr"	"choice"	""	"How often do you usually receive regular redundancy payments from former employer(s)?"	679	""
"OiNRrSp"	"OiNRrSp"	"unknown"	""	"Record details of frequency of payments"	680	""
"OiNRrAm"	"OiNRrAm"	"choice"	""	"And how much do you usually receive after tax is deducted (e.g net)?"	681	""
"OiNRB"	"OiNRB"	"unknown"	""	"About how much would you estimate the amount you receive each month from former employer(s), after tax is deducted (net), to be?"	682	""
"OiNGTPr"	"OiNGTPr"	"choice"	""	"How often do you usually receive regular payments from Government Training Schemes?"	683	""
"OiNGTSp"	"OiNGTSp"	"unknown"	""	"Record details of frequency of payments"	684	""
"OiNGTAm"	"OiNGTAm"	"choice"	""	"And how much do you usually receive after tax is deducted (e.g net)?"	685	""
"OiNGB"	"OiNGB"	"unknown"	""	"About how much would you estimate the amount you receive each month from Government Training Schemes, after tax is deducted (net), to be?"	686	""
"ReglrPy"	"ReglrPy"	"unknown"	""	"Please tell me whether you are receiving any of the following regular payments?"	687	""
"OiNEGPr"	"OiNEGPr"	"choice"	""	"How often do you usually receive payments from the educational grant?"	688	""
"OiNEGSp"	"OiNEGSp"	"unknown"	""	"Record details of frequency of payments"	689	""
"OiNEGAm"	"OiNEGAm"	"choice"	""	"And how much do you usually receive after tax is deducted (e.g net)?"	690	""
"OiNEGB"	"OiNEGB"	"unknown"	""	"About how much would you estimate the amount you receive each year from the educational grant, after tax is deducted, to be?"	691	""
"OiNFRPr"	"OiNFRPr"	"choice"	""	"How often do you usually receive payments from friends or relatives outside the household?"	692	""
"OiNFRSp"	"OiNFRSp"	"unknown"	""	"Record details of frequency of payments"	693	""
"OiNFRAm"	"OiNFRAm"	"choice"	""	"And how much do you usually receive after tax is deducted (e.g net)?"	694	""
"OiNFrB"	"OiNFrB"	"unknown"	""	"About how much do you estimate the amount you receive each month from friends or relatives outside the household, after tax is deducted, to be?"	695	""
"OiNMAPr"	"OiNMAPr"	"choice"	""	"How often do you usually receive payments from maintenance/ alimony/ separation allowance?"	696	""
"OiNMASp"	"OiNMASp"	"unknown"	""	"Record details of frequency of payments"	697	""
"OiNMAAm"	"OiNMAAm"	"choice"	""	"And how much do you usually receive after tax is deducted (e.g net)?"	698	""
"OiNMAB"	"OiNMAB"	"choice"	""	"About how much do you estimate the amount you receive each month from maintenance/ alimony/ separation allowance, after tax is deducted, to be?"	699	""
"OiNRoPr"	"OiNRoPr"	"choice"	""	"How often do you usually receive payments from royalties?"	700	""
"OiNRoSp"	"OiNRoSp"	"unknown"	""	"Record details of frequency of payments"	701	""
"OiNRoAm"	"OiNRoAm"	"choice"	""	"And how much do you usually receive after tax is deducted (e.g net)?"	702	""
"OiNRoB"	"OiNRoB"	"choice"	""	"About how much do you estimate the amount you receive each month from royalties, after tax is deducted, to be?"	703	""
"OthIncOth"	"OthIncOth"	"unknown"	""	"Please describe the other forms of income, not already mentioned, that you receive regular payments from."	704	""
"OiNOtPr"	"OiNOtPr"	"choice"	""	"How often do you usually receive payments from this source / these other sources?"	705	""
"OiNOtSp"	"OiNOtSp"	"unknown"	""	"Record details of frequency of payments"	706	""
"OiNOtAm"	"OiNOtAm"	"choice"	""	"And how much do you usually receive after tax is deducted (e.g net)?"	707	""
"OiNOTB"	"OiNOTB"	"choice"	""	"About how much do you estimate the amount you receive each month from other income, after tax is deducted, to be?"	708	""
"CoroInc"	"CoroInc"	"unknown"	""	"Ask 1 person per household"	709	""
"IncrCoro"	"IncrCoro"	"unknown"	""	"What is the main reason for your household income increasing?"	710	""
"IncrCoOth"	"IncrCoOth"	"unknown"	""	"Ask if IncrCoro = 5"	711	""
"DecrCoro"	"DecrCoro"	"unknown"	""	"What is the main reason for your household income decreasing?"	712	""
"DecrCoOth"	"DecrCoOth"	"unknown"	""	"Ask if DecrCoro = 7"	713	""
"CoroExp"	"CoroExp"	"unknown"	""	"Ask 1 person per household"	714	""
"CoroAbility"	"CoroAbility"	"unknown"	""	"Ask 1 person per household"	715	""
"CoroSav"	"CoroSav"	"unknown"	""	"Ask 1 person per household"	716	""
"IncrCoroSav"	"IncrCoroSav"	"unknown"	""	"What is the main reason for your household accessible savings increasing?"	717	""
"IncrOthSav"	"IncrOthSav"	"unknown"	""	"Ask if IncrCoroSav = 5"	718	""
"DecrCoroSav"	"DecrCoroSav"	"unknown"	""	"What is the main reason for your household accessible savings decreasing?"	719	""
"DecrOthSav"	"DecrOthSav"	"unknown"	""	"Ask if DecrCoroSav = 8"	720	""
"CoroExpSav"	"CoroExpSav"	"unknown"	""	"Ask 1 person per household"	721	""
"SelectAd"	"SelectAd"	"choice"	""	"Ask for each dependent child"	722	""
"CaCTF"	"CaCTF"	"boolean"	""	"Ask for each child born on or after 01/09/2002 unless refused at SelectAd"	723	""
"CaJISA"	"CaJISA"	"boolean"	""	"Now I am going to ask some questions about Junior ISAs. A Junior ISA (or Junior Individual Savings Account) is a tax efficient account designed for adults to save and invest on behalf of their children. This type of ISA has been available since November 2011. However, it has been possible to transfer your child's Child Trust Fund into a Junior ISA since April 2015."	724	""
"CaCtV"	"CaCtV"	"unknown"	""	"How much is currently in his/ her [Child Trust Fund (if CaCTF=1) /Junior ISA (CaJISA=1)]?"	725	""
"CaCTvB"	"CaCTvB"	"unknown"	""	"How much would you estimate is currently in his/her [Child Trust Fund (if CaCTF=1) /Junior ISA (CaJISA=1)]?"	726	""
"CaType1"	"CaType1"	"choice"	""	"What type of Child Trust Fund does [Child’s name] have?"	727	""
"CaOpen"	"CaOpen"	"unknown"	""	"Was the account opened by…"	728	""
"CaType2"	"CaType2"	"unknown"	""	"What type of Junior ISA does [Child’s name] have?"	729	""
"CaContr"	"CaContr"	"unknown"	""	"[Apart from Child Trust Fund vouchers received from the Government], during the last 2 years who contributed to the [Child Trust Fund/Junior ISA]?"	730	""
"CaContram1"	"CaContram1"	"choice"	""	"How much did [the parent(s) inside the household/the parent(s) outside the household/child’s grandparent(s)/ other relative(s)/friend(s) of the family/the other people]put into [child's name] account in the last 2 years?"	731	""
"CaContramb1"	"CaContramb1"	"unknown"	""	"How much would you estimate [the parent(s) inside the household/the parent(s) outside the household/child’s grandparent(s)/ other relative(s)/friend(s) of the family/the other people] put into [Child’s name] account in the last 2 years?"	732	""
"CaExtra"	"CaExtra"	"choice"	""	"(QRelGrid.QTRelTo.QRelTo[SelectAd].RFrom[LChInc] = StChild)) AND (Cacontr = CAParl)) - child’s parent is inside of the household"	733	""
"CaSav"	"CaSav"	"boolean"	""	"[Aside from the Child Trust Fund/Junior ISA], does [Child’s name] have any savings in a bank or building society account, or any National Savings and Investments such as Children's Bonus Bonds, or any stocks and shares, or other investments?"	734	""
"CaSvV"	"CaSvV"	"choice"	""	"[Aside from the Child Trust Fund/Junior ISA], what would you say is the current value of the savings and investments held by [Child’s name]?"	735	""
"CaSvB"	"CaSvB"	"unknown"	""	"How much would you estimate is the current value of the savings and investments held by [Child’s name] [aside from the Child Trust Fund/Junior ISA]?"	736	""
"IHRecnt"	"IHRecnt"	"boolean"	""	"In the last two years, have you personally received an inheritance valued at £1,000 or more, that is in money, property, or goods of any kind?"	737	""
"IHRcNum"	"IHRcNum"	"choice"	""	"How many inheritances of £1,000 or more have you received in the last two years?"	738	""
"IWat"	"IWat"	"choice"	""	"Thinking of your [first/second/third] inheritance, what did you receive in your inheritance?"	739	""
"IWho1"	"IWho1"	"unknown"	""	"From whom did you receive that inheritance?"	740	""
"IVal1"	"IVal1"	"unknown"	""	"[Still thinking of your [first/second/ third] inheritance] what was the total value, at that time, of everything you inherited, after tax and other deductions?"	741	""
"IValB1"	"IValB1"	"unknown"	""	"About how much would you estimate was the value of the inheritance at that time (after tax and other deductions)?"	742	""
"IHse"	"IHse"	"choice"	""	"What did you do with the property or share in the property that you received?"	743	""
"IGds"	"IGds"	"choice"	""	"What did you do with the (non-property) inheritance that you received?"	744	""
"IHEvE"	"IHEvE"	"boolean"	""	"[*] And now thinking back further than the last two years, [apart from this inheritance (IHRcNum = 1) / apart from this these inheritances (IHRcNum > 1)] have you personally received an inheritance valued at £1,000 or more, that is of money, property or goods?"	745	""
"IHEvNoE"	"IHEvNoE"	"choice"	""	"(If IHEvE=1) – one inheritance received before"	746	""
"IEYrE1"	"IEYrE1"	"choice"	""	"(If IHEvNoE >= 1) – loop for up to 3 inheritance received before"	747	""
"IEValE1"	"IEValE1"	"choice"	""	"(If IHEvNoE >= 1)"	748	""
"IEValBE1"	"IEValBE1"	"unknown"	""	"About how much would you estimate was the value of the inheritance at that time (after tax and other deductions)?"	749	""
"TransIntro"	"TransIntro"	"unknown"	""	"I would like to ask you some questions about gifts and loans transferred between family and friends during lifetime – that is, a gift or loan worth more than £500 at any one time."	750	""
"RGift"	"RGift"	"unknown"	""	"First I would like to ask you about gifts. In the last two years have you received either goods or cash gifts worth £500 or more? Please do not include any money received from a trust fund."	751	""
"RGfFrom"	"RGfFrom"	"unknown"	""	"From whom did you receive these gifts?"	752	""
"IRGfWho1"	"IRGfWho1"	"unknown"	""	"Who gave you the Highest/Second Highest/Third Highest total value of gifts over the last two years?"	753	""
"IRGfVal1"	"IRGfVal1"	"choice"	""	"What is the total value of the goods and cash gifts you received from (response at IRGfWho1) in the last two years?"	754	""
"IRGfVB1"	"IRGfVB1"	"unknown"	""	"About how much would you estimate is the value of goods and cash gifts that you received [ IRGfWho1] in the last two years?"	755	""
"IRGfUse1"	"IRGfUse1"	"unknown"	""	"What did you do with any cash gifts that you received from [IRGfWho1]?"	756	""
"LRGift"	"LRGift"	"boolean"	""	"And now thinking back further than the last two years (apart from this gift/ these gifts) have you personally ever received a gift of money, property or goods worth £500 or more?"	757	""
"LRGiftNo"	"LRGiftNo"	"choice"	""	"How many gifts of £500 or more did you receive in this earlier period, that is before (DATE 2 YEARS AGO)?"	758	""
"LIRGfYr1"	"LIRGfYr1"	"unknown"	""	"In which year did you receive the [highest/second highest/third highest] value gift?"	759	""
"LIRGfVal1"	"LIRGfVal1"	"unknown"	""	"And what was the total value, at that time, of the [highest/second highest/third highest] value gift, after tax and other deductions?"	760	""
"LIRGfValB1"	"LIRGfValB1"	"choice"	""	"About how much would you estimate was the value of the [highest/second highest/third highest] value gift at that time (after tax and other deductions)?"	761	""
"GGift"	"GGift"	"boolean"	""	"In the last two years, have you given any goods or any cash GIFTS worth £500 or more? Please do not include money given via a trust fund."	762	""
"GGfTo"	"GGfTo"	"unknown"	""	"To whom did you give these gifts?"	763	""
"IGGfWho1"	"IGGfWho1"	"unknown"	""	"Who did you give the [highest/ second highest/ third highest] total value of gifts to over the last two years?"	764	""
"IGGfVal1"	"IGGfVal1"	"choice"	""	"What is the total value of the goods and cash gifts that you have given to (response at IGGfWho1) in the last two years?"	765	""
"IGGfVB1"	"IGGfVB1"	"unknown"	""	"About how much would you estimate is the value of the goods or cash gifts that you have given to (response at IGGfWho1) in the last two years?"	766	""
"IGGfUse1"	"IGGfUse1"	"unknown"	""	"What was done with any cash gifts you gave to (^LGGSource)?"	767	""
"LGGift"	"LGGift"	"boolean"	""	"[*] And now thinking back further than the last two years, (apart from this gift/ these gifts,) have you personally ever given a gift of money, property or goods worth £500 or more?"	768	""
"LGGiftNo"	"LGGiftNo"	"choice"	""	"How many gifts worth £500 or more did you give in this earlier period, that is before (DATE 2 YEARS AGO)?"	769	""
"LIGGfYr1"	"LIGGfYr1"	"choice"	""	"In which year did you give the [highest/ second highest/ third highest] value gift?"	770	""
"LIGGfVal1"	"LIGGfVal1"	"unknown"	""	"And what was the total value, at that time, of the [highest/ second highest/ third highest] value gift you gave, after tax and other deductions?"	771	""
"LIGGfValB1"	"LIGGfValB1"	"choice"	""	"About how much would you estimate was the value of the [highest/ second highest/ third highest] value gift at that time, after tax and other deductions?"	772	""
"RLoan"	"RLoan"	"unknown"	""	"Now I would like to ask you about loans from family or friends. In the last two years, have you received a cash loan of £500 or more from family or friends? Please do not include any loans that you reported earlier in the Loans section"	773	""
"RLnFrom"	"RLnFrom"	"unknown"	""	"From whom did you receive these cash loans?"	774	""
"IRLnWho1"	"IRLnWho1"	"unknown"	""	"Who gave you the [highest/ second highest/ third highest] total value of loans over the last two years?"	775	""
"IRLnVal1"	"IRLnVal1"	"choice"	""	"What is the total value of the cash loans you received from [^LRLSource] in the last two years?"	776	""
"IRLnVB1"	"IRLnVB1"	"unknown"	""	"About how much would you estimate is the value of the cash loans you received from (IRLnWho1) in the last two years?"	777	""
"IRLnUse1"	"IRLnUse1"	"unknown"	""	"What did you do with the money loaned to you by (response at IRLnWho1)?"	778	""
"IRLnPyBk1"	"IRLnPyBk1"	"choice"	""	"Do you intend to pay back some or all of the loan(s) you have received from (response at IRLnWho1)?"	779	""
"IRLnPBkAm1"	"IRLnPBkAm1"	"unknown"	""	"How much of the loan/ loans from (response at IRLnWho1) do you intend to pay back?"	780	""
"GLoan"	"GLoan"	"unknown"	""	"In the last two years, have you given a cash loan of £500 or more to family or friends?"	781	""
"GLnTo"	"GLnTo"	"unknown"	""	"To whom did you give these cash loans?"	782	""
"IGLnWho1"	"IGLnWho1"	"unknown"	""	"Who did you give the Highest/ Second Highest/ Third Highest total value of loans to over the last two years?"	783	""
"IGLnVal1"	"IGLnVal1"	"choice"	""	"What is the total value of the money you loaned to (response at IGLnWho1) in the last two years?"	784	""
"IGLnVB1"	"IGLnVB1"	"choice"	""	"About how much would you estimate is the value of the money you loaned to (response at IGLnWho1) in the last two years?"	785	""
"IGLnUse1"	"IGLnUse1"	"unknown"	""	"What was done with the money you loaned to (response at IGLnWho1)?"	786	""
"IGLnPyBk1"	"IGLnPyBk1"	"choice"	""	"Do you expect to receive back some or all of the money you loaned to (^LGLSource, IGLnWho1)?"	787	""
"IGLnPBkAm1"	"IGLnPBkAm1"	"unknown"	""	"How much of the money you loaned to (^LGLSource, IGLnWho1) do you expect to receive back?"	788	""
"TIntro"	"TIntro"	"unknown"	""	"(Earlier we talked about unit trusts, investment trusts and other types of financial products.)"	789	""
"TSett"	"TSett"	"boolean"	""	"EXCLUDE: TRUSTS SET UP ON BEHALF OF SOMEONE ELSE IF THE RESPONDENT'S OWN ASSETS WERE NOT PUT INTO THE TRUST AT ANY STAGE."	790	""
"TSNum1"	"TSNum1"	"choice"	""	"How many separate trusts do you currently have assets in?"	791	""
"TSNew"	"TSNew"	"boolean"	""	"In the last two years, have you set up a new trust?"	792	""
"TSNum2"	"TSNum2"	"choice"	""	"In total, how many separate trusts do you currently have assets in?"	793	""
"TCont1"	"TCont1"	"unknown"	""	"I am going to ask some questions about [this trust (if TSNum1 = 1) / these trusts (if TSNum1 = 2) / the two trusts that you have the most assets in (if TSNum1 > 2)]."	794	""
"TJnt"	"TJnt"	"choice"	""	"[Thinking of the [first / second] (most valuable) trust, (if Count1 > 1) can / Can (if Count1 = 1)] I just check, does the trust contain only your own assets or was it set up jointly with another person in this household or with someone else?"	795	""
"TPs1"	"TPs1"	"unknown"	""	"With which other person (or people) in this household did you set this trust up?"	796	""
"TAcc1"	"TAcc1"	"boolean"	""	"Would you be able to withdraw these assets for your own use in the future if you wanted to?"	797	""
"TBen"	"TBen"	"choice"	""	"Who are the beneficiaries of the trust?"	798	""
"TVal1"	"TVal1"	"choice"	""	"Now thinking about the current value of the trust, what is the approximate current value of (your share of) the assets in the trust after paying off any debts?"	799	""
"TValB1"	"TValB1"	"choice"	""	"How much would you estimate is the current net value of (your share of) the assets?"	800	""
"TDup1"	"TDup1"	"boolean"	""	"Have you already included any of the assets in this trust when answering other questions in this interview?"	801	""
"TDupA1"	"TDupA1"	"unknown"	""	"Does that include all of the assets in the trust or just some?"	802	""
"TAddVl1"	"TAddVl1"	"unknown"	""	"Can you tell me the approximate current value of (your share of) the assets in the trust that have not already been covered in this interview?"	803	""
"TAddVB1"	"TAddVB1"	"choice"	""	"About how much would you estimate is the net current value of (your share of) the assets that have not already been covered in this interview?"	804	""
"TBenef"	"TBenef"	"boolean"	""	"Are you the beneficiary of a trust? That is, do you currently receive money from a trust, or will you receive money or capital from a trust in the future?"	805	""
"TBenNum"	"TBenNum"	"choice"	""	"Can I just check, how many separate trusts are you the beneficiary of?"	806	""
"TBCap1"	"TBCap1"	"boolean"	""	"At some time in the future, will you receive all, or your share of, the assets held in the [first / second most valuable (if TBenNum > 1)] trust?"	807	""
"TBCapY1"	"TBCapY1"	"choice"	""	"In which year do you expect to have access to the assets in this trust?"	808	""
"TBValB1"	"TBValB1"	"choice"	""	"How much would you estimate is the approximate current value of your share of the assets?"	809	""
"OthAsCh"	"OthAsCh"	"boolean"	""	"Do you have any other assets with financial value that we have not covered in this interview?"	810	""
"OthAsTy"	"OthAsTy"	"unknown"	""	"What sort of assets are they?"	811	""
"OthAsVl"	"OthAsVl"	"choice"	""	"What is the current value of (all of) these assets?"	812	""
"OthAsVb"	"OthAsVb"	"choice"	""	"How much would you estimate is the approximate current value of these assets?"	813	""
"ORiska"	"ORiska"	"unknown"	""	"For each of the next four questions, please select the answer which best applies to you – there are no right or wrong answers."	814	""
"ORiskc"	"ORiskc"	"unknown"	""	"[*] If you had a choice of receiving a thousand pounds today or one thousand one hundred pounds in 12 months which would you choose?"	815	""
"OSafeSav"	"OSafeSav"	"choice"	""	"Here are some things some people have said about savings and stock market investments."	816	""
"ORisks"	"ORisks"	"choice"	""	"And how much do you agree or disagree with this statement."	817	""
"HealthIntro"	"HealthIntro"	"unknown"	""	"I would now like to ask you some questions about your health."	818	""
"QHealth1"	"QHealth1"	"choice"	""	""	819	""
"LSill"	"LSill"	"boolean"	""	"Do you have any long-standing illness, disability or infirmity? By long-standing I mean anything that has troubled you over a period of time or that is likely to affect you over a period of time?"	820	""
"IllLim"	"IllLim"	"boolean"	""	"Does this illness or disability / these illnesses or disabilities limit your activities in any way?"	821	""
"DisType"	"DisType"	"unknown"	""	"Does this health problem(s) or disability(ies) mean that you have substantial difficulties with any of these areas of your life?"	822	""
"DisEver"	"DisEver"	"boolean"	""	"Have you ever had a long-term illness, disability or infirmity (lasting for a year or more) that affected your ability to carry out normal day-to-day activities?"	823	""
"FBInt"	"FBInt"	"unknown"	""	"We are interested in how living standards compare across the generations so the following questions are about your family and parents. I’d like you to think back to when you were a young teenager, say between the ages of 12 and 16."	824	""
"FBSitu"	"FBSitu"	"choice"	""	"Thinking back to when you were a young teenager, did you live…"	825	""
"FBSibs"	"FBSibs"	"choice"	""	"How many brothers and sisters did you have living with you when you were a young teenager?"	826	""
"FBTen"	"FBTen"	"choice"	""	"Thinking back to when you were a young teenager, in which way did your household own or rent their accommodation?"	827	""
"FBFaEd"	"FBFaEd"	"choice"	""	"Now thinking about your father's educational qualifications, which best describes the highest level of education/qualifications gained by your father (or your mother's new partner/ husband)?"	828	""
"FthEcSt"	"FthEcSt"	"choice"	""	"Which of the following best describes what your father (or your mother's new partner or husband) mainly did when you were a young teenager, around the age of 14. Were they…"	829	""
"FthJobT"	"FthJobT"	"unknown"	""	"Ask if FthEcst = 1,2,3 - respondents father (or mother’s new partner/ husband) was an employee, self-employed or unpaid family worker"	830	""
"FBMoEd"	"FBMoEd"	"choice"	""	"And thinking about your mother's educational qualifications, which best describes the highest level of education/qualifications gained by your mother (or your father's new partner/ wife)?"	831	""
"MthEcSt"	"MthEcSt"	"choice"	""	"Which of the following best describes what your mother (or your father’s new partner or husband) mainly did when you were a young teenager, around the age of 14. Were they…"	832	""
"MthJobT"	"MthJobT"	"choice"	""	"Ask if MthEcst = 1,2,3 - respondents mother (or father’s new partner/ wife) was an employee, self-employed or unpaid family worker"	833	""
"IntroFU"	"IntroFU"	"unknown"	""	"May I just check..."	834	""
"FollowUp"	"FollowUp"	"choice"	""	"May I just check..."	835	""
"FutCond"	"FutCond"	"unknown"	""	"NOTE QUALIFICATIONS/CONDITIONS OF RECALL"	836	""
"KiTitle"	"KiTitle"	"unknown"	""	"What is your title?"	837	""
"KiFiNme"	"KiFiNme"	"unknown"	""	"By which name do you prefer to be known?"	838	""
"KiSuNme"	"KiSuNme"	"choice"	""	"What is your surname?"	839	""
"STDC1"	"STDC1"	"unknown"	""	"ENTER THE STD CODE"	840	""
"NumEnt1"	"NumEnt1"	"unknown"	""	"ENTER REMAINING DIGITS OF THE NUMBER."	841	""
"LandPh"	"LandPh"	"unknown"	""	"DERIVED: Full landline number."	842	""
"FivDig1"	"FivDig1"	"unknown"	""	"ENTER FIRST 5 DIGITS OF THE MOBILE NUMBER"	843	""
"SixDig1"	"SixDig1"	"unknown"	""	"ENTER REMAINING 6 DIGITS OF THE MOBILE NUMBER"	844	""
"MobPh"	"MobPh"	"unknown"	""	"DERIVED: Full mobile number."	845	""
"Email2"	"Email2"	"boolean"	""	"We would very much like to share some results from the survey with you in future."	846	""
"CheckAdd"	"CheckAdd"	"boolean"	""	"Is this address correct?"	847	""
"Prem1"	"Prem1"	"unknown"	""	"What is the first line of your address?"	848	""
"Prem2"	"Prem2"	"unknown"	""	"What is the second line of your address?"	849	""
"Prem3"	"Prem3"	"unknown"	""	"What is the third line of your address?"	850	""
"Prem4"	"Prem4"	"unknown"	""	"What is the fourth line of your address?"	851	""
"KnowPC"	"KnowPC"	"unknown"	""	"Do you know your postcode?"	852	""
"OutCode"	"OutCode"	"unknown"	""	"PLEASE ENTER FIRST PART OF POSTCODE IF KNOWN"	853	""
"PostTown"	"PostTown"	"unknown"	""	"And in which town is your address?"	854	""
"InCode"	"InCode"	"choice"	""	"PLEASE ENTER SECOND PART OF POSTCODE"	855	""
"MovAdd1"	"MovAdd1"	"unknown"	""	"What is the first line of your new address, please include the house number or name, and the name of the street or road?"	856	""
"MovAdd2"	"MovAdd2"	"unknown"	""	"What is the second line of your address?"	857	""
"MovAdd3"	"MovAdd3"	"unknown"	""	"What is the third line of your address?"	858	""
"MovAdd4"	"MovAdd4"	"unknown"	""	"What is the fourth line of your address?"	859	""
"MKnowPC"	"MKnowPC"	"unknown"	""	"Do you know the postcode of your new address?"	860	""
"MOutCode"	"MOutCode"	"unknown"	""	"PLEASE ENTER FIRST PART OF POSTCODE IF KNOWN"	861	""
"MLetter"	"MLetter"	"unknown"	""	"CERTAIN E, EC, SW, W AND WC POSTCODES INCLUDE A LETTER AT THE END OF THE FIRST PART."	862	""
"MovDist"	"MovDist"	"unknown"	""	"What is the district of your address (if there is one)?"	863	""
"MovTown"	"MovTown"	"unknown"	""	"And what is the post town of your address?"	864	""
"MInCode"	"MInCode"	"unknown"	""	"PLEASE ENTER SECOND PART OF POSTCODE"	865	""
"MovPostC"	"MovPostC"	"unknown"	""	"If you know it, what is the postcode for this address?"	866	""
"MEffdat"	"MEffdat"	"date"	""	"May I know what date you will be moving into your new address please?"	867	""
"Vouch1"	"Vouch1"	"choice"	""	"Would you [NAME] like to receive the £10 e-voucher by email or the £10 gift voucher by post"	868	""
"VouvhPostal"	"VouvhPostal"	"choice"	""	"The voucher will be posted to you."	869	""
"SampNam"	"SampNam"	"choice"	""	"PLEASE CHECK THAT THE REPONDENT’S NAME IS CORRECT"	870	""
"PNam"	"PNam"	"unknown"	""	"PLEASE ENTER RESPONDENT’S FULL NAME"	871	""
"Vouch2"	"Vouch2"	"unknown"	""	"May I just check that we have the correct name and address to which to send the gift voucher?"	872	""
"SampAdd"	"SampAdd"	"choice"	""	"We will send the voucher to the following address:"	873	""
"VAdd1"	"VAdd1"	"unknown"	""	"What is the first line of your/[Name’s] address, please include the house number or name, and the name of the street or road?"	874	""
"VAdd2"	"VAdd2"	"unknown"	""	"What is the second line of your/[name's] address?"	875	""
"VAdd3"	"VAdd3"	"unknown"	""	"What is the third line of your/[name's] address?"	876	""
"VAdd4"	"VAdd4"	"unknown"	""	"What is the fourth line of your/[name's] address?"	877	""
"VDstrct"	"VDstrct"	"unknown"	""	"And in which district is your/[name's] address?"	878	""
"VPstTwn"	"VPstTwn"	"unknown"	""	"And in which town is your/[name's] address?"	879	""
"VPostCd"	"VPostCd"	"unknown"	""	"If you know it, what is the postcode for this address?"	880	""
"Vouch3"	"Vouch3"	"unknown"	""	"If Email <> Empty - there was an email entered for the respondent at the KITE block"	881	""
"Vouch6"	"Vouch6"	"choice"	""	"If Email <> Empty - there was an email entered for the respondent at the KITE block"	882	""
"Vouch4"	"Vouch4"	"unknown"	""	"If Email = Empty - there was no email entered for the respondent at the KITE block"	883	""
"Vouch5"	"Vouch5"	"choice"	""	"If (Email <> Empty AND Vouch6 = 1) OR Email = Empty - there was no email entered for the respondent at the KITE block or is there was no email entered for the respondent at the KITE block and the email address is correct"	884	""
"AccurOth"	"AccurOth"	"unknown"	""	"PLEASE RECORD ANY FURTHER COMMENTS ABOUT THE ACCURACY OF ANSWERS"	885	""
"ContAdm"	"ContAdm"	"unknown"	""	"PLEASE ENSURE THAT THE FILTER SCREEN IS COMPLETED BEFORE THE CASE IS CODED AND RETURNED"	886	""
"IntDone"	"IntDone"	"choice"	""	"HAVE YOU COMPLETED ALL POST-INTERVIEW CODING, CHECKING & NOTES?"	887	""
"IntF2Tri"	"IntF2Tri"	"unknown"	""	"We will ask you some questions about how this case was carried out. Please make every attempt to answer these questions correctly. You may have to look through your personal notes or any information captured in other systems (FWMT or Oracle) to help you to answer these questions."	888	""
"PhoneNo"	"PhoneNo"	"choice"	""	"How was the phone number obtained for this address?"	889	""
"KTN2"	"KTN2"	"choice"	""	"Did you attempt to visit this address as part of KtN?"	890	""
"F2FTrial"	"F2FTrial"	"choice"	""	"Did you offer a face-to-face/in-person interview at this address?"	891	""
"InHouse"	"InHouse"	"choice"	""	"When offering a face-to-face/in-person interview, which one of the following applied for your visit?"	892	""
